Unnamed: 0,mood,age,gender,subject,semester,sibilings,living,employment,personality,relationship,wakeup,breakfast,launch,dinner,sleep,hobbies,smoker,alcoholic,drug_addicted,friends,hangout,social_events,pray,sports,exercise,meditation,video_games,study_hours,phone_hours,medication,movies_per_week,music hours,depression,category,sleep_hours
0,1,24,1,1,9,3,0,1,0,0,11,1,16,21,4,1,0,0,0,2,1,3,2,0,0,0,0,2,2,0,0,0,18,1,7
1,1,23,0,1,11,3,0,0,1,1,0,0,17,23,4,1,1,0,0,4,2,1,2,1,2,1,1,4,0,0,5,0,1,0,20
2,3,19,1,2,3,0,0,0,1,1,9,10,15,22,1,2,0,0,0,4,1,1,2,0,1,0,0,3,2,0,0,0,21,2,8
3,2,23,1,1,13,1,0,0,2,0,14,15,19,0,3,2,0,0,0,1,0,0,1,0,0,0,3,1,0,0,5,0,23,2,11
4,2,22,0,1,11,1,0,0,1,1,11,12,15,24,4,1,1,0,0,5,1,1,1,1,1,0,3,2,2,0,1,4,19,1,8
5,0,24,0,1,10,1,1,0,0,1,10,16,3,5,6,1,1,1,1,15,3,1,1,1,1,1,0,3,0,0,5,4,13,1,5
6,2,22,1,1,11,2,0,0,1,0,10,11,15,23,3,2,0,0,0,3,2,1,1,0,1,0,1,2,2,0,2,3,18,1,7
7,3,22,1,2,5,2,0,0,1,1,10,11,14,0,2,1,0,0,0,2,1,1,1,0,1,0,0,1,1,0,0,1,11,1,8
9,1,23,1,1,9,2,0,0,2,2,10,13,16,2,2,1,0,0,0,0,0,1,1,0,0,0,0,3,2,0,15,1,20,2,8
10,0,23,0,1,15,1,0,0,1,1,9,10,14,3,1,1,0,0,0,3,3,1,1,0,1,0,1,3,1,0,0,0,3,0,8
11,2,23,1,1,10,1,0,0,2,1,9,11,15,4,4,1,0,0,0,3,1,2,1,0,1,1,0,4,1,0,4,2,9,1,5
12,0,24,0,1,11,3,0,1,2,1,10,11,15,5,2,1,0,0,0,3,1,1,2,0,1,1,0,5,1,0,0,0,5,1,8
13,0,22,1,1,11,3,0,0,2,1,9,11,16,6,5,1,0,0,0,0,0,2,2,0,0,2,0,5,1,0,0,0,7,1,5
14,2,24,0,1,12,2,0,0,2,1,10,11,14,7,4,2,1,0,0,2,3,0,1,0,1,1,0,4,0,0,1,1,13,1,6
15,0,22,0,1,11,2,0,1,2,0,8,14,20,8,1,1,0,0,0,5,2,1,1,1,1,1,3,4,3,0,2,0,14,1,7
16,0,25,0,1,12,2,0,1,0,1,10,0,3,9,5,2,1,0,0,5,3,1,1,1,1,0,2,4,0,0,1,4,1,0,5
17,0,21,0,1,8,1,0,0,0,0,10,10,14,10,1,3,0,0,0,1,1,2,0,0,2,0,0,10,0,0,1,1,0,0,9
18,1,25,0,1,10,1,0,0,1,1,9,11,15,11,2,2,0,0,0,4,1,1,1,0,1,0,2,1,1,1,12,1,6,1,7
19,2,24,0,1,9,2,0,0,1,1,9,9,14,0,1,3,0,0,0,4,2,1,2,0,1,0,1,3,2,0,0,1,16,1,8
20,3,23,1,1,8,4,0,0,2,2,10,11,16,13,2,1,0,0,0,3,0,3,2,0,0,1,0,2,3,1,0,0,20,2,9
22,0,25,0,1,14,2,0,0,0,1,9,9,15,15,14,2,1,0,0,10,3,3,1,0,2,1,0,2,1,0,3,6,3,0,19
24,1,25,0,1,12,2,0,0,1,1,8,9,16,18,1,1,0,0,0,4,2,1,0,0,1,0,0,1,1,1,1.5,1,20,2,7
26,0,22,0,1,11,1,0,0,2,0,11,0,15,20,3,1,0,0,0,9,1,1,1,1,1,0,2,3,1,0,1,0,8,1,8
27,0,22,0,1,11,1,0,0,2,1,9,9,14,21,3,1,0,0,0,3,1,1,2,0,1,0,2,3,0,0,2,1,8,1,7
28,3,24,1,1,12,4,0,1,2,1,11,11,15,22,2,4,0,0,0,0,1,1,1,1,1,0,1,0,1,0,10,1,10,1,9
29,1,23,0,1,11,2,0,0,2,1,7,10,16,23,1,3,0,0,0,0,0,0,1,0,0,0,0,2,1,0,0,1,14,1,6
30,3,23,0,0,7,3,0,0,1,1,6,7,14,0,2,1,0,0,0,2,1,2,1,1,0,0,1,1,3,0,7,3,13,1,4
31,3,22,1,1,6,1,0,1,1,0,16,16,18,1,6,1,0,0,0,3,2,1,0,0,0,0,0,1,1,0,1,2,24,2,10
32,3,23,1,4,11,2,0,0,1,1,11,0,15,2,3,1,0,0,0,2,2,2,1,0,0,0,0,3,3,0,1,1,14,1,8
33,0,25,0,0,8,2,0,0,2,1,10,11,3,3,2,1,0,0,0,0,0,0,2,0,1,0,0,2,2,0,0,1,15,1,8
34,0,22,0,0,8,1,0,0,1,1,11,13,17,4,4,2,1,0,0,10,3,3,2,1,1,0,1,2,3,0,0,3,20,2,7
35,0,21,0,3,4,1,0,0,1,0,10,10,14,5,5,3,1,0,0,8,3,2,1,0,1,0,1,1,3,0,1,1,14,1,5
36,0,20,0,0,5,0,0,0,1,1,10,11,3,6,5,3,0,0,0,5,3,2,2,0,1,0,1,2,3,0,1,4,16,1,5
37,0,20,1,0,7,2,0,1,0,1,9,11,15,7,1,1,0,0,0,8,2,1,1,1,1,1,1,3,2,0,1,7,8,1,8
38,1,25,0,1,12,1,0,0,2,0,1,13,16,8,5,1,0,0,0,2,2,0,2,1,1,0,0,3,3,0,1,1,13,1,20
39,1,20,1,0,4,1,0,0,2,1,10,11,15,9,2,1,0,0,0,3,1,0,1,0,0,1,0,1,2,1,1,2,12,1,8
40,0,20,0,0,6,0,0,1,1,1,8,9,14,10,1,2,0,0,0,3,3,1,2,1,1,0,3,1,1,0,0.25,0,4,0,7
41,0,24,1,2,9,1,0,1,1,1,10,11,14,11,0,1,0,0,0,2,1,2,2,0,1,0,1,1,3,0,1,1,8,1,10
42,0,21,0,0,8,2,1,0,1,1,8,11,2,0,1,1,0,0,0,3,1,2,1,1,1,1,0,2,2,0,2,1,8,1,7
43,0,21,0,0,6,2,0,1,1,1,13,13,17,13,6,2,1,0,0,0,3,3,2,1,0,0,3,1,3,0,2,7,12,1,7
44,2,24,0,0,11,2,0,0,2,0,9,11,14,14,2,1,1,1,0,2,1,3,1,0,2,1,1,2,3,0,2,1,17,1,7
45,2,23,1,1,11,1,0,0,2,1,9,10,15,15,1,3,0,0,0,5,1,0,1,0,0,0,1,1,1,0,2,2,6,1,8
46,1,21,0,1,7,5,0,0,1,1,10,11,3,16,1,4,0,0,0,5,2,1,1,1,1,1,0,2,0,0,1,1,8,1,9
47,2,23,0,1,10,1,0,0,2,1,10,11,2,17,5,1,0,0,0,4,1,1,2,0,0,0,1,6,1,0,2,0,9,1,5
48,0,25,0,1,14,3,1,0,2,1,6,7,2,18,2,1,0,0,0,5,1,0,1,1,1,0,0,2,2,0,0,5,1,0,4
49,2,24,0,2,9,1,0,0,1,1,10,11,14,19,0,3,1,0,0,5,1,1,2,0,0,0,0,3,2,1,0,2,16,1,10
50,1,25,0,1,13,7,1,0,2,1,11,0,15,20,2,1,0,0,0,2,1,0,1,0,1,0,1,2,2,0,0,1,11,1,9
51,3,24,0,1,11,3,0,0,2,1,10,11,15,21,2,1,0,0,0,3,2,3,1,1,1,0,3,2,1,0,1,0,10,1,9
52,1,21,0,1,5,1,0,1,2,1,11,11,16,22,14,2,0,0,0,4,1,1,2,1,1,0,3,5,1,0,0,1,11,1,21
53,4,33,0,1,15,1,0,1,0,1,8,8,15,23,23,2,0,0,0,4,0,2,1,0,0,1,1,2,1,1,4,1,24,2,9
54,3,23,0,1,13,0,1,0,2,1,10,11,3,0,3,2,0,1,0,2,1,1,0,0,1,1,1,3,0,0,0,0,8,1,8
55,0,21,1,1,6,3,0,0,2,0,9,10,2,1,1,1,0,0,0,3,1,1,2,1,1,0,0,5,1,0,2,2,11,1,8
56,0,18,0,1,1,1,0,0,1,1,9,9,15,2,2,1,0,0,0,8,2,2,2,0,1,0,1,3,3,0,1,1,10,1,7
57,2,24,0,1,13,4,0,0,0,1,8,10,15,3,1,3,0,0,0,5,1,2,1,1,1,0,1,5,0,0,0,1,7,1,7
58,0,20,0,1,5,2,0,0,0,0,11,14,17,4,4,2,0,0,0,7,3,1,1,1,0,0,3,7,2,0,2,2,13,1,7
59,1,22,0,0,6,2,0,1,1,1,15,16,19,5,3,1,0,0,0,2,1,1,2,0,2,0,2,0,2,1,0,1,24,2,12
60,2,21,0,1,5,1,0,0,0,0,0,14,18,6,2,2,0,1,0,2,1,1,1,1,1,0,1,1,3,0,1,3,12,1,22
61,0,21,0,0,5,3,0,1,2,1,0,13,16,7,3,1,1,0,0,4,2,2,2,1,1,1,1,0,3,0,2,0,9,1,21
62,2,22,0,1,5,3,0,1,0,0,0,1,16,8,4,4,1,1,0,0,3,3,0,0,1,0,1,2,2,1,1,2,21,2,20
63,2,21,0,1,5,1,0,0,2,1,0,13,18,9,4,1,1,0,0,0,2,0,0,0,0,0,3,1,1,0,2,2,11,1,20
64,1,18,0,1,5,3,0,0,2,1,0,1,15,10,4,1,0,0,0,3,2,1,1,1,0,0,3,1,1,0,0,2,11,1,20
65,2,21,0,3,7,1,1,1,2,1,9,11,16,11,4,1,0,0,0,7,1,1,1,0,0,0,2,7,1,0,5,1,27,2,5
66,0,22,1,2,8,2,0,1,1,1,10,11,14,0,2,4,0,0,0,3,1,1,1,0,1,0,0,2,3,0,2,1,5,1,8
67,1,24,1,0,9,1,0,0,2,1,10,12,16,13,5,2,0,0,0,5,0,1,1,0,0,1,1,3,3,1,2,7,19,1,5
68,0,22,0,1,5,1,0,1,2,1,10,11,15,14,2,2,0,0,0,4,2,2,2,1,1,0,0,5,1,0,0,1,4,0,8
69,1,21,1,0,4,3,0,0,2,1,8,10,15,15,2,2,0,0,0,0,0,1,1,0,1,0,0,1,2,0,1,1,16,1,7
70,0,21,1,0,9,1,0,0,2,0,9,11,15,16,2,1,0,0,0,2,1,1,1,0,0,0,0,1,1,0,4,2,7,1,7
71,2,23,0,1,12,1,0,1,2,1,13,14,16,17,5,1,1,1,1,4,1,0,1,1,0,0,1,2,0,0,6,6,23,2,8
72,3,22,0,1,10,1,0,0,1,0,10,11,15,18,1,1,1,0,0,3,2,2,1,0,1,0,0,5,1,0,0,0,10,1,9
73,0,22,0,1,11,1,0,0,1,0,10,11,2,19,0,1,0,0,0,7,1,1,2,0,0,0,0,3,3,0,5,1,9,1,10
74,2,23,1,1,10,3,0,2,1,1,0,0,0,20,0,2,0,0,0,2,0,0,2,0,0,0,0,10,1,0,0,1,6,1,0
75,0,23,0,2,10,2,0,1,0,1,9,10,14,21,2,3,0,0,0,1,3,1,1,1,0,0,0,1,1,0,4,0,7,1,7
76,2,22,0,1,6,1,0,1,1,3,9,10,14,22,4,2,0,1,0,3,2,1,1,1,2,0,1,6,1,0,1,10,14,1,5
77,0,23,0,4,5,0,0,1,2,1,6,9,14,23,24,1,1,0,0,0,1,1,2,1,2,1,1,1,2,0,10,0,2,0,6
79,2,21,1,4,5,1,0,0,2,1,9,11,3,1,1,1,0,0,0,2,1,1,1,1,0,0,0,4,3,0,0,3,24,2,8
80,0,24,0,1,11,1,0,0,2,0,10,11,17,2,4,1,1,0,0,2,2,0,1,0,0,0,3,1,2,1,0,0,17,1,6
81,3,23,0,2,8,3,0,0,1,1,0,1,17,3,3,2,0,0,0,2,1,1,1,0,2,0,0,5,1,0,4,1,10,1,21
82,1,24,0,2,3,1,0,0,1,1,10,11,16,4,3,1,1,0,0,6,2,1,0,0,0,0,2,2,3,0,2,1,17,1,7
83,2,25,0,1,10,2,0,0,2,0,10,11,16,5,2,1,1,1,1,1,1,0,1,2,0,0,2,0,2,0,5,2,2,0,8
84,1,25,0,1,12,3,0,1,1,1,1,13,17,6,5,1,1,0,0,7,3,1,1,1,1,1,3,2,2,0,6,1,14,1,20
85,0,24,0,3,12,3,0,0,0,0,9,10,14,7,1,2,1,1,0,5,1,1,2,1,2,1,1,3,1,0,1,2,9,1,8
86,2,22,1,1,11,1,0,0,1,1,11,12,15,8,3,2,0,0,0,3,1,1,1,1,1,1,2,3,1,0,4,2,6,1,9
87,2,23,1,8,8,4,0,0,2,1,10,11,15,9,3,1,0,0,0,3,2,1,2,0,1,1,0,6,0,0,4,0,13,1,7
88,0,26,0,0,12,2,0,0,0,0,8,10,15,10,2,1,1,0,0,5,3,1,1,1,1,1,2,2,0,0,2,1,10,1,6
89,3,23,1,0,10,0,0,0,2,0,11,12,3,11,3,2,0,0,0,2,2,2,2,0,1,0,1,2,2,0,0,0,8,1,9
90,4,22,1,1,11,1,0,0,2,1,10,11,14,0,1,1,0,0,0,2,1,2,1,0,1,0,2,4,1,0,3,2,5,1,9
91,0,24,0,1,15,2,0,1,2,4,11,15,15,13,4,2,1,0,0,7,2,1,1,0,1,0,2,2,1,0,3,0,12,1,8
92,1,24,0,1,13,1,0,0,1,1,9,11,15,14,4,1,0,0,0,3,1,1,1,0,1,0,1,3,2,0,2,1,17,1,5
93,2,22,1,0,8,1,0,0,1,1,11,11,14,15,3,1,0,0,0,3,1,2,0,0,0,0,0,1,2,0,3,3,8,1,8
94,0,24,0,1,14,4,1,0,1,1,6,9,14,16,24,1,0,0,0,1,1,0,2,0,2,1,0,4,1,1,0,1,5,1,7
95,2,25,0,1,15,1,0,0,1,0,10,13,0,17,1,1,1,0,0,0,0,1,1,0,0,0,0,1,2,0,3,0,14,1,9
96,2,22,0,1,11,1,0,1,2,1,9,10,3,18,2,1,0,0,0,3,1,0,0,0,1,0,0,3,0,0,0,2,18,1,7
97,3,23,1,1,13,2,0,0,0,1,9,9,3,19,1,1,0,0,0,0,0,0,1,0,0,0,3,1,0,0,3,2,18,1,8
98,1,24,1,8,6,4,0,0,1,1,9,9,2,20,3,2,0,0,0,3,1,1,2,2,0,0,1,5,3,0,3,1,10,1,6
99,0,21,0,1,12,1,0,0,2,1,8,9,15,21,1,2,0,0,0,5,1,1,2,0,0,0,1,4,2,0,5,2,16,1,7
100,2,21,0,1,5,2,0,0,1,1,9,10,15,22,1,1,0,0,0,2,1,1,1,1,1,1,1,0,1,0,0,0,13,1,9
101,2,21,1,1,8,2,0,0,1,1,0,13,13,23,3,1,0,0,0,5,0,1,0,0,0,0,1,1,3,0,5,10,20,2,21
102,2,18,0,0,1,3,0,0,2,1,8,0,15,0,3,1,1,0,0,3,1,1,1,0,0,0,1,5,2,1,2,2,24,2,5
103,3,24,0,1,13,1,0,0,0,0,9,10,14,1,5,2,1,0,0,1,2,2,1,1,0,0,0,2,3,1,2,1,12,1,4
104,2,24,1,1,14,1,0,0,2,1,15,6,18,2,11,3,0,0,0,5,1,0,1,0,0,0,1,0,1,1,1,1,23,2,4
105,3,25,1,1,12,1,0,1,0,4,0,0,15,3,4,1,0,0,0,2,1,1,2,0,0,0,0,4,1,0,0,0,6,1,20
106,0,21,0,1,5,0,0,0,0,1,9,10,14,4,3,1,1,0,0,7,3,2,2,1,0,0,2,3,1,0,2,4,11,1,7
107,3,21,0,0,4,1,0,0,2,1,9,10,2,5,0,1,0,0,0,1,1,0,1,1,1,2,0,3,0,0,2,0,14,1,9
108,4,20,0,1,4,4,0,0,1,1,5,8,14,6,0,1,0,0,0,4,3,3,2,1,1,0,0,4,0,0,2,0,3,0,5
109,0,23,0,1,10,1,0,0,2,1,8,9,14,7,0,1,0,0,0,2,1,0,2,1,1,1,2,3,2,0,2,1,4,0,8
110,1,22,0,6,7,5,0,0,1,1,5,15,19,8,14,1,0,0,0,1,1,1,2,0,0,0,3,10,1,1,1,1,10,1,15
111,3,22,1,1,4,2,0,0,2,1,9,12,16,9,0,1,0,0,0,2,0,0,0,0,0,0,0,3,2,1,0,1,27,2,9
112,2,25,0,1,13,1,0,0,2,1,14,15,18,10,5,1,1,0,0,2,2,2,1,2,2,0,3,1,3,0,0,2,6,1,9
113,0,25,0,1,15,1,0,0,2,1,8,9,14,11,0,3,0,0,0,4,1,0,2,1,1,0,1,1,1,0,3,1,3,0,8
114,0,21,1,0,5,3,0,0,1,1,8,9,14,0,1,2,0,0,0,6,1,2,1,0,1,0,0,0,3,0,0,3,14,1,7
115,3,21,1,1,6,2,0,0,1,1,8,10,15,13,2,2,0,0,0,5,1,1,1,0,0,0,0,6,3,0,1,4,5,1,6
116,0,25,0,0,11,3,0,0,2,1,11,12,4,14,3,1,1,0,0,6,2,3,2,0,1,0,3,1,2,0,0,4,24,2,8
117,1,21,0,1,5,2,0,0,1,0,10,10,3,15,2,1,0,0,0,3,1,1,2,2,2,1,1,0,2,0,1,1,8,1,8
118,0,23,0,1,11,1,0,1,2,1,7,9,14,16,0,2,0,0,0,5,1,1,1,1,1,1,3,5,2,0,2,9,4,0,7
119,1,23,0,0,8,1,0,1,2,1,6,8,14,17,2,3,0,0,0,2,1,1,2,0,1,1,0,10,1,1,1,3,13,1,4
120,4,22,1,1,5,4,0,1,1,2,6,10,15,18,11,3,0,0,0,3,2,1,1,0,1,0,0,1,1,1,1,1,10,1,19
121,1,25,0,1,12,2,0,0,2,1,6,9,2,19,0,2,0,0,0,2,2,2,2,1,1,2,1,8,0,0,0,2,6,1,6
122,3,23,1,0,5,1,0,0,2,0,9,10,15,20,0,1,0,0,0,0,0,2,1,0,0,0,2,4,1,0,1,0,21,2,9
123,1,25,0,1,13,1,0,0,2,1,11,13,17,21,3,4,0,0,0,2,2,1,1,0,1,1,3,4,1,0,0,2,14,1,8
124,0,21,0,1,11,1,0,1,1,1,7,10,15,22,1,1,1,1,0,5,3,1,0,1,1,0,3,2,0,0,0,6,2,0,6
125,0,23,0,1,11,3,0,0,1,1,8,9,2,23,0,5,0,0,0,2,1,1,1,1,1,0,0,4,0,0,2,1,17,1,8
126,3,22,1,3,11,3,0,0,2,0,8,11,4,0,2,1,0,0,0,0,0,0,1,0,0,0,0,5,3,0,0,0,22,2,6
127,0,25,0,1,9,2,0,1,1,0,7,9,14,1,2,1,1,0,0,7,2,1,2,0,0,0,0,8,2,0,2,1,3,0,5
128,0,21,0,0,5,1,0,0,2,0,8,9,14,2,0,2,0,0,0,3,1,1,2,2,2,0,2,2,3,0,1,0,15,1,8
129,2,22,1,1,11,0,0,0,2,1,10,10,15,3,2,1,0,0,0,3,1,1,1,1,1,0,3,2,3,0,0,1,9,1,8
130,2,23,0,1,12,1,0,0,1,2,7,9,2,4,3,1,0,0,1,6,1,3,1,2,2,0,2,3,2,0,0,1,17,1,4
131,0,24,0,1,12,1,0,1,1,0,10,11,15,5,2,2,1,0,0,3,2,1,1,0,1,0,3,3,1,0,1,1,4,0,8
132,1,23,1,2,5,2,0,0,2,0,12,12,15,6,3,2,0,0,0,3,0,0,1,0,1,0,0,3,3,1,0,1,5,1,9
133,0,23,0,1,11,1,0,0,2,1,7,7,15,7,0,1,0,0,0,0,0,1,1,0,1,0,1,4,1,0,0,0,13,1,7
134,1,23,0,1,13,1,0,1,2,1,10,11,15,8,2,1,0,0,0,2,1,1,1,1,1,0,2,1,2,0,1,2,21,2,8
135,2,23,0,1,11,3,0,0,2,1,8,10,15,9,0,1,0,0,0,1,2,1,1,0,0,1,3,0,2,0,4,0,9,1,8
136,0,24,1,1,12,1,0,0,1,0,10,11,16,10,0,3,0,0,0,5,1,1,1,1,2,2,1,4,3,0,8,2,20,2,10
137,0,21,1,1,6,1,0,1,1,0,11,13,15,11,3,1,0,0,0,2,1,0,2,0,0,0,0,4,1,0,0,0,12,1,8
138,3,22,0,1,10,2,0,0,1,1,7,9,14,0,23,1,0,0,0,5,2,2,1,0,1,1,0,3,2,0,7,5,8,1,8
139,2,21,1,0,3,2,0,0,2,0,13,14,15,13,4,1,0,0,0,2,1,0,1,0,0,0,1,1,3,0,4,0,16,1,9
140,2,23,0,0,7,2,0,0,1,0,8,9,3,14,1,3,0,0,0,5,2,1,1,1,1,0,2,0,1,0,1,0,17,1,8
141,1,22,1,1,5,2,0,0,1,0,9,0,15,15,3,1,0,0,0,2,0,0,2,0,1,0,0,3,1,1,0,0,9,1,6
142,1,21,1,1,11,3,0,0,0,1,11,0,16,16,4,1,0,0,0,3,2,2,1,0,0,0,1,2,3,0,3,1,19,1,7
143,2,23,0,3,6,1,0,0,1,1,11,1,15,17,15,2,0,0,0,3,0,1,1,0,0,0,0,1,3,0,0,5,20,2,20
144,1,25,0,2,7,2,0,0,0,1,5,9,14,18,0,1,0,0,0,0,0,2,2,1,1,1,0,5,0,0,0,0,7,1,5
145,2,21,0,0,5,2,0,0,0,1,10,11,2,19,2,1,0,0,0,6,2,1,1,1,0,1,3,1,2,0,2,2,12,1,8
146,2,20,1,0,3,1,0,2,0,0,12,0,3,20,3,3,0,0,0,0,1,2,1,0,1,0,0,0,3,0,0,4,12,1,9
147,0,24,1,1,14,1,0,0,2,2,10,11,16,21,3,1,0,0,0,1,1,0,1,0,0,0,0,1,1,0,1,2,20,2,7
148,3,20,0,0,1,1,0,0,2,1,10,11,16,22,2,1,0,0,0,0,1,1,0,1,1,0,3,4,1,0,4,4,17,1,8
149,1,20,1,0,8,2,0,1,1,1,10,10,15,23,4,1,0,0,0,2,1,0,2,0,1,0,0,1,2,0,5,3,14,1,6
150,1,23,0,1,11,1,0,0,0,1,7,9,14,0,1,1,1,0,0,4,1,1,1,1,1,1,0,5,2,0,1,2,10,1,6
151,0,25,0,1,15,2,0,0,0,0,10,11,15,1,2,2,0,1,0,7,2,0,1,2,1,1,0,1,0,1,2,1,11,1,8
152,2,21,0,1,4,1,0,0,1,0,0,13,13,2,7,1,0,0,0,0,0,0,2,0,0,0,0,9,0,0,0,1,18,1,17
153,1,25,0,1,12,2,0,0,1,1,9,22,20,3,1,1,1,0,0,0,1,1,2,0,2,0,2,0,1,0,0,3,9,1,8
154,2,22,1,1,11,1,0,0,1,1,11,12,14,4,0,3,0,0,0,4,3,1,1,1,2,0,1,2,2,0,5,9,10,1,11
155,1,26,0,1,8,1,0,0,1,1,11,12,15,5,4,1,1,1,1,2,3,1,1,1,0,0,0,0,1,0,2,6,17,1,7
156,2,22,1,1,6,0,0,0,1,1,18,16,19,6,8,2,1,0,0,5,1,0,0,0,0,0,1,0,3,0,3,4,21,2,10
157,1,23,1,1,11,1,0,0,2,1,0,14,17,7,3,4,0,0,0,7,1,1,1,0,0,0,0,6,2,0,3,2,17,1,21
158,2,24,0,1,12,3,0,1,1,1,1,14,18,8,5,3,0,0,0,2,2,1,2,1,1,0,3,2,1,0,2,1,9,1,20
159,0,22,0,1,12,2,0,0,1,0,11,12,16,9,5,2,0,0,0,11,1,1,1,1,1,1,1,5,1,0,1,1,15,1,6
160,2,21,1,0,5,1,0,0,1,1,11,11,15,10,3,3,0,0,0,2,1,1,1,0,1,0,0,5,3,0,20,4,13,1,8
161,3,22,1,1,11,1,0,0,1,1,11,0,16,11,2,3,0,0,0,3,1,1,2,0,1,0,1,3,2,0,2,4,22,2,9
162,0,25,0,5,10,1,0,0,0,0,10,11,2,0,1,2,1,0,0,5,3,1,2,1,1,0,1,2,2,0,2,1,8,1,9
163,0,23,0,1,13,1,0,2,2,1,10,11,16,13,4,1,0,0,0,2,3,1,1,0,2,1,2,0,3,0,2,4,4,0,6
164,0,24,0,1,8,1,0,0,0,1,11,0,16,14,2,2,1,1,0,5,2,2,1,1,1,1,3,4,1,0,3,0,10,1,9
165,0,25,0,6,15,1,0,2,2,0,7,8,14,15,0,1,1,0,0,6,1,0,2,1,2,2,0,2,0,0,3,2,6,1,7
166,2,25,0,0,4,1,1,1,2,0,9,10,15,16,2,1,1,0,0,8,0,0,2,0,0,0,3,0,1,0,2,1,18,1,7
167,1,25,0,1,13,1,0,1,0,1,7,9,14,17,2,2,0,0,0,6,1,1,1,1,1,0,3,10,1,1,0,2,10,1,5
168,1,22,0,1,10,0,0,0,2,1,6,11,16,18,0,1,0,0,0,2,1,1,1,0,0,0,1,5,2,0,0,1,17,1,6
169,1,24,1,2,2,2,0,2,1,1,14,14,0,19,6,2,0,1,0,3,1,3,2,0,1,1,0,3,0,0,2,1,16,1,8
170,0,24,0,0,7,2,0,0,2,1,13,14,18,20,6,1,1,1,0,5,3,0,1,1,1,0,2,1,2,0,1,0,1,0,7
171,1,21,0,0,6,2,0,0,2,1,11,0,17,21,6,2,0,0,0,3,3,1,2,2,1,0,2,3,2,0,0,0,15,1,5
172,0,25,1,0,12,2,0,0,2,4,8,10,3,22,1,1,1,0,0,4,1,0,0,0,0,0,0,0,2,0,0,1,12,1,7
173,1,24,1,1,11,0,0,0,2,1,10,11,3,23,1,1,0,0,0,8,1,1,1,1,2,0,0,1,2,0,0,3,5,1,9
174,1,23,0,1,3,1,0,0,2,0,10,11,15,0,2,3,1,0,0,5,3,1,1,0,0,0,3,3,0,0,1,0,7,1,8
175,1,23,0,1,5,2,0,0,2,0,11,12,2,1,4,2,0,0,0,4,1,0,2,0,0,0,1,10,0,0,1,6,18,1,7
176,1,24,1,1,1,2,0,1,2,1,5,10,15,2,23,2,0,0,0,1,1,0,2,0,0,0,0,8,1,0,0,0,10,1,6
177,1,23,0,1,11,3,0,0,2,1,7,8,15,3,1,1,0,0,0,5,1,1,1,1,1,0,0,4,1,0,1,1,14,1,6
178,1,22,0,1,8,2,0,0,1,1,9,10,2,4,2,1,0,0,0,0,1,2,2,1,1,0,0,10,1,0,0,0,4,0,7
179,1,23,0,1,8,1,0,0,2,1,11,11,15,5,1,1,0,0,0,3,0,0,0,0,1,0,2,1,2,1,1,0,7,1,10
180,0,23,0,1,7,1,0,0,1,1,9,9,3,6,1,1,0,0,0,3,1,0,2,0,1,2,0,6,0,0,0,3,0,0,8
181,3,23,0,1,13,2,0,1,2,0,11,0,16,7,4,1,0,0,0,2,1,1,2,0,0,0,2,3,3,0,0,3,14,1,7
182,1,23,0,1,13,2,0,1,1,0,10,12,15,8,2,1,0,0,0,0,0,1,1,0,0,0,2,1,2,0,0,2,6,1,8
183,0,24,0,0,15,1,0,0,2,1,9,10,14,9,2,1,1,1,1,0,1,1,1,1,1,0,3,0,1,0,0,1,0,0,7
184,0,24,0,1,15,3,0,0,2,0,10,11,15,10,4,2,1,0,0,5,3,1,2,0,1,1,2,2,2,0,7,2,4,0,6
185,3,24,0,0,4,2,0,1,0,1,10,11,3,11,3,1,0,0,0,2,1,1,2,1,1,0,2,3,2,0,3,2,16,1,8
186,2,25,0,0,15,0,0,0,1,1,15,0,15,0,6,3,0,0,0,3,1,1,1,1,1,1,1,1,1,0,6,3,7,1,9
187,3,22,1,6,3,2,0,0,1,1,4,7,4,13,4,2,0,0,0,0,1,1,2,0,0,0,0,10,1,0,0,1,9,1,0
188,3,25,2,0,2,3,0,0,0,1,3,9,19,14,11,1,0,0,0,5,1,1,1,0,0,0,0,6,0,1,1,1,16,1,16
189,2,21,0,1,6,3,0,0,2,1,9,10,14,15,2,3,1,0,0,4,1,1,1,1,2,0,1,4,1,0,2,3,12,1,7
190,0,26,0,0,15,1,0,1,0,4,11,11,15,16,3,2,1,0,0,6,3,1,2,1,2,0,2,1,0,0,5,1,1,0,9
191,0,24,0,1,14,3,1,0,2,0,9,11,14,17,1,1,0,0,0,3,2,2,1,1,0,0,1,4,1,0,3,2,9,1,8
192,0,23,0,1,12,1,0,0,2,1,9,11,15,18,2,1,0,0,0,2,1,0,2,1,0,0,2,2,1,0,1,1,3,0,8
193,3,24,0,1,12,0,0,0,1,1,10,10,14,19,4,2,1,1,0,5,1,0,1,0,0,0,1,5,1,0,1,1,10,1,6
194,0,22,0,1,12,1,0,0,2,1,2,14,4,20,5,1,0,0,0,10,1,2,1,1,0,0,2,2,1,0,1,1,7,1,21
195,0,24,0,1,12,1,0,1,1,1,10,10,15,21,1,1,0,0,0,3,1,1,1,0,0,0,2,2,1,0,2,0,0,0,9
196,0,21,0,0,5,1,0,1,1,1,8,0,4,22,1,1,1,1,0,5,3,1,1,0,2,1,3,0,2,0,1,1,3,0,7
197,1,23,0,1,11,3,0,0,2,1,14,15,19,23,5,4,1,0,0,3,1,1,1,1,1,0,1,4,3,0,10,0,5,1,9
198,0,21,0,1,6,1,0,0,0,0,13,14,15,0,3,1,1,0,0,5,3,1,1,0,0,0,2,2,1,0,1,0,13,1,10
199,0,23,0,1,10,3,0,0,2,1,11,0,15,1,3,2,0,0,0,3,1,0,2,1,1,0,0,3,2,0,0,0,10,1,8
200,0,24,0,1,5,7,0,1,2,1,10,11,2,2,16,1,0,0,0,5,2,2,1,1,1,0,0,1,1,0,1,4,9,1,18
201,1,19,1,0,1,2,0,0,2,1,8,10,15,3,0,1,0,0,0,1,3,3,1,0,1,0,0,3,2,0,2,1,8,1,8
202,0,24,0,1,12,1,0,0,1,1,11,0,15,4,2,3,1,0,0,5,3,1,1,1,1,0,2,1,0,0,1,2,6,1,9
203,0,22,0,1,7,1,0,0,2,1,8,9,15,5,3,3,0,0,0,3,2,1,2,1,1,1,1,10,0,0,1,1,10,1,5
204,3,25,1,1,12,0,0,0,0,0,9,11,15,6,2,3,0,0,0,1,1,1,1,2,1,0,1,1,1,0,0,1,23,2,7
205,3,25,0,1,11,0,0,0,1,0,10,10,15,7,3,4,1,0,0,3,3,1,1,1,2,1,3,3,1,1,2,1,13,1,7
206,1,21,1,0,5,2,0,1,1,1,11,13,17,8,6,2,0,0,0,11,2,2,1,0,1,0,3,6,1,1,5,1,22,2,5
207,2,25,1,1,11,0,0,0,1,1,9,10,14,9,1,4,1,0,0,7,2,1,2,2,2,2,1,3,0,0,2,2,0,0,8
208,3,22,1,2,5,2,0,0,1,1,7,9,14,10,1,1,0,0,0,3,1,3,2,0,0,0,1,6,2,1,0,1,17,1,6
209,2,21,1,1,7,1,0,2,2,0,7,10,15,11,1,1,0,0,0,1,0,3,2,0,0,0,2,1,1,0,8,4,5,1,7
210,3,22,1,1,6,0,0,1,1,1,10,11,13,0,4,1,1,1,0,0,1,3,0,1,2,0,0,2,3,0,0,5,23,2,6
211,2,25,0,1,12,2,0,0,0,0,10,23,15,13,2,1,0,0,0,5,1,3,0,0,0,0,3,1,0,0,1,2,15,1,8
212,0,20,1,0,6,3,0,0,1,1,6,11,1,14,0,1,0,0,0,4,3,3,1,0,0,0,1,3,1,0,2,9,12,1,6
213,2,23,0,1,11,2,0,0,2,0,14,16,20,15,10,1,1,1,1,0,1,0,0,0,0,0,0,0,1,1,0,2,19,1,4
214,0,22,1,1,9,3,0,2,0,1,0,11,14,16,0,1,0,0,0,3,1,0,2,1,2,1,0,10,1,0,0,1,5,1,0
215,1,21,1,0,4,2,0,0,0,1,9,15,15,17,4,3,1,1,0,0,0,1,2,0,0,0,0,4,2,0,3,2,14,1,5
216,2,22,1,1,8,2,0,1,1,1,10,15,15,18,3,2,0,0,0,0,1,1,1,1,2,1,2,1,1,0,0,0,7,1,7
217,0,22,1,0,2,1,0,0,1,1,8,10,15,19,11,3,0,0,0,4,1,1,0,1,1,0,3,5,2,1,2,2,9,1,21
218,0,23,0,1,10,1,0,1,0,1,5,9,15,20,11,1,0,0,0,5,2,2,1,1,2,1,1,4,0,0,2,0,1,0,17
219,1,23,1,1,15,2,0,0,2,1,1,13,16,21,5,1,1,0,0,8,2,1,1,0,1,0,0,2,1,0,2,0,6,1,20
220,0,24,0,0,11,1,0,1,0,0,9,10,15,22,2,1,0,0,0,7,1,1,2,0,0,0,0,1,1,0,0,0,6,1,7
221,2,23,0,1,12,2,0,0,2,1,10,11,14,23,2,6,0,0,0,0,1,0,2,0,0,0,3,1,1,0,0,1,4,0,8
222,1,26,0,0,14,2,0,1,2,1,0,13,16,0,2,1,1,1,0,4,3,1,1,1,1,0,2,0,3,0,8,4,15,1,22
223,2,24,0,3,10,1,1,0,1,1,8,8,14,1,2,1,1,1,1,2,2,1,1,1,1,0,2,2,1,0,3,1,10,1,6
224,1,20,1,0,1,2,0,0,1,1,11,1,4,2,4,6,0,0,0,2,1,3,1,1,1,2,1,0,3,1,2,1,14,1,7
225,0,21,0,0,5,1,0,0,1,4,14,15,15,3,4,2,0,0,0,2,1,1,1,1,1,0,2,1,1,0,2,0,12,1,10
226,2,19,1,2,1,2,0,0,1,0,0,1,16,4,3,3,0,0,0,4,1,1,1,0,1,0,0,0,3,0,1,3,4,0,21
227,2,22,0,0,4,1,0,0,1,1,8,9,14,5,0,2,0,0,0,8,1,1,1,1,1,0,2,4,1,0,2,1,10,1,8
228,3,26,0,1,15,4,0,0,1,1,12,14,18,6,6,1,0,0,0,2,3,1,2,0,0,0,1,1,2,0,1,1,16,1,6
229,2,21,0,0,5,3,0,0,2,1,21,14,0,7,14,1,0,0,0,2,1,1,1,0,0,0,1,1,3,0,0,0,15,1,7
230,1,21,0,0,6,1,0,0,2,1,8,9,14,8,0,1,0,0,0,2,1,1,2,2,1,0,2,4,1,0,2,1,3,0,8
231,2,21,0,1,5,1,0,0,2,3,10,10,15,9,1,2,0,0,0,0,0,0,0,0,2,0,0,0,1,0,0,8,19,1,9
232,0,25,0,1,8,3,0,0,2,0,5,8,15,10,23,3,0,0,0,0,2,3,2,1,1,0,3,1,0,0,1,3,15,1,6
233,2,22,0,1,7,2,0,0,2,1,11,13,13,11,4,2,0,0,0,3,1,1,1,0,0,0,3,1,2,0,1,5,17,1,7
234,1,22,0,1,10,1,0,0,0,0,9,10,3,0,1,3,1,0,0,5,2,1,2,0,0,0,0,5,1,0,1,0,18,1,8
235,4,22,1,3,5,1,1,0,0,4,6,8,0,14,0,1,1,1,0,1,1,1,0,0,2,0,0,0,2,0,0,2,3,0,6
236,3,23,0,1,14,1,0,0,2,0,11,13,16,15,4,3,1,0,0,0,0,0,1,1,0,0,1,0,3,0,1,2,6,1,8
237,3,22,0,1,8,1,0,0,1,1,11,12,15,16,2,1,0,0,0,1,1,2,2,0,1,0,0,2,3,0,0,5,3,0,9
238,1,23,0,1,9,1,0,0,1,1,8,8,15,17,2,2,0,0,0,1,2,2,2,1,1,0,0,5,1,1,3,1,12,1,6
239,0,25,1,1,11,0,0,0,1,1,8,9,13,18,0,4,1,1,0,7,1,1,2,2,2,2,1,3,0,0,2,8,8,1,8
240,1,24,0,1,12,1,1,0,1,0,9,10,14,19,1,3,1,0,0,2,1,1,1,0,0,0,3,2,1,0,1,1,13,1,8
241,3,21,1,1,6,1,0,1,1,0,11,12,15,20,15,2,0,0,0,4,0,0,2,0,0,0,0,5,1,0,0,0,12,1,20
242,0,21,0,1,4,0,0,2,1,1,10,10,14,21,3,2,0,0,0,4,2,1,1,1,1,0,2,1,2,0,0,0,6,1,7
243,2,30,0,1,15,1,0,2,2,3,11,0,15,22,2,1,1,1,0,0,1,1,1,1,1,0,0,0,0,0,1,4,0,0,9
244,1,31,0,1,12,2,0,2,1,4,10,11,3,23,2,1,1,0,0,4,2,0,2,0,1,0,0,1,1,1,0,0,7,1,8
245,0,21,0,1,5,2,0,0,1,1,10,11,15,0,2,1,0,0,0,2,1,1,2,2,2,1,1,0,2,0,1,1,9,1,8
246,2,21,1,1,5,3,0,0,1,0,10,10,15,1,13,2,0,0,0,5,1,3,1,0,1,0,0,4,2,0,3,1,12,1,21
247,0,21,0,1,5,1,0,0,0,0,9,11,15,2,2,3,0,0,0,5,2,3,1,0,1,0,1,5,1,0,1,1,8,1,7
248,1,20,0,1,5,6,0,0,2,0,11,11,15,3,4,2,0,0,0,0,0,1,2,1,0,0,2,2,0,1,0,1,19,1,6
249,0,20,0,1,5,2,0,0,2,0,13,14,16,4,4,4,1,1,0,3,3,2,1,1,1,1,3,5,2,0,2,3,9,1,9
250,3,21,0,1,5,3,0,0,1,1,0,1,16,5,5,3,0,0,0,5,1,2,1,0,0,0,1,6,1,0,2,1,5,1,19
251,1,20,1,1,5,2,0,0,1,1,9,10,15,6,0,1,0,0,0,3,2,1,1,0,0,0,0,1,1,0,0,1,7,1,9
252,0,23,0,1,10,2,0,1,1,0,11,11,3,7,2,4,0,0,0,5,1,2,2,0,1,0,3,2,1,0,3,4,4,0,9
253,3,21,0,1,5,1,0,0,0,1,8,10,14,8,4,2,1,0,0,1,1,0,2,1,0,0,2,6,1,0,7,3,22,2,4
254,0,23,0,1,9,1,0,0,2,1,9,11,15,9,2,4,0,0,0,15,1,1,2,1,1,0,1,4,1,0,2,4,0,0,7
255,0,24,0,1,11,0,0,0,2,1,13,14,17,10,4,2,0,0,0,2,1,0,0,1,0,0,2,5,0,0,2,2,11,1,9
256,0,22,1,1,8,2,0,1,2,1,5,8,2,11,0,1,0,0,0,2,1,1,2,2,2,1,0,5,1,1,0,0,1,0,5
257,3,20,1,1,5,1,0,0,2,1,0,13,16,0,5,4,0,0,0,4,1,1,1,0,0,0,0,8,1,0,4,5,10,1,19
258,0,22,1,1,9,1,0,0,2,0,10,12,15,13,2,1,0,0,0,5,2,1,2,1,1,0,3,4,1,0,3,2,3,0,8
259,2,21,0,1,5,1,0,0,1,0,8,9,3,14,3,3,0,0,0,6,3,3,1,0,0,0,1,10,1,0,1,2,9,1,5
260,0,26,0,1,13,3,0,0,2,0,9,13,13,15,1,3,1,1,0,10,2,1,1,2,2,0,1,1,1,0,0,3,7,1,8
261,0,23,0,1,11,1,0,0,2,1,7,8,14,16,1,3,0,0,0,2,2,3,0,0,0,0,2,1,1,0,5,3,5,1,6
262,0,18,0,1,1,3,0,0,1,1,10,11,16,17,3,2,1,0,0,5,3,1,0,0,0,0,1,2,2,0,10,4,16,1,7
263,1,24,0,3,11,3,0,0,0,0,11,0,14,18,3,2,1,1,0,3,1,1,1,1,0,0,2,0,3,0,0,1,15,1,8
264,0,25,0,0,8,2,0,1,2,1,10,10,3,19,1,1,1,0,0,3,1,1,1,0,2,1,3,0,0,0,1,4,3,0,9
265,1,24,0,6,13,2,0,1,1,1,15,16,20,20,5,1,1,0,0,3,1,1,1,0,0,0,3,6,2,1,10,4,25,2,10
266,3,23,1,1,9,0,0,0,2,1,12,1,4,21,3,1,0,0,0,2,3,2,2,0,1,0,1,2,1,0,0,1,11,1,9
267,2,23,1,1,10,1,0,0,1,1,9,10,14,22,1,1,0,0,0,1,1,1,1,0,1,0,1,4,0,0,0,0,21,2,8
268,0,23,0,1,11,1,0,0,1,1,11,12,16,23,3,3,0,0,0,5,1,1,2,0,0,0,1,1,1,0,3,0,0,0,8
269,0,21,0,1,4,0,0,2,1,1,10,10,14,0,3,2,0,0,0,4,2,1,1,1,1,0,2,1,2,0,0,0,6,1,7
270,3,23,0,1,10,3,0,0,2,1,10,11,3,1,0,3,0,0,0,6,1,0,1,1,0,0,2,5,1,0,3,2,13,1,10
271,0,21,0,1,5,1,0,0,2,1,8,9,14,2,1,1,0,0,0,1,0,0,2,0,0,0,0,7,0,0,0,7,4,0,8
272,0,24,0,1,12,1,0,0,2,1,7,9,15,3,0,2,1,0,0,3,2,0,2,0,1,1,3,3,0,0,3,1,4,0,7
273,0,23,0,1,11,1,0,0,2,1,8,9,15,4,1,1,0,0,0,0,0,0,2,0,1,0,0,4,2,1,0,0,5,1,8
274,3,21,1,0,1,3,0,0,2,1,9,10,14,5,0,2,0,0,0,1,0,0,1,0,1,0,0,4,3,0,5,1,20,2,9
275,3,18,0,3,1,2,0,0,0,0,9,9,2,6,11,3,0,0,0,10,2,1,2,1,1,1,3,2,3,0,0,2,13,1,22
276,1,25,0,1,13,0,0,0,0,1,9,10,15,7,0,3,0,0,0,3,3,0,0,0,1,1,1,1,2,0,4,1,16,1,9
277,0,18,0,3,1,2,0,0,0,0,9,9,2,8,11,3,0,0,0,10,2,1,2,1,1,1,3,1,3,0,0,2,7,1,22
278,3,25,1,3,1,2,0,0,0,3,9,9,2,9,11,4,0,0,0,1,0,0,0,0,0,1,0,0,3,0,0,7,6,1,22
279,1,19,0,0,1,3,0,0,1,1,8,11,16,10,1,1,0,0,0,5,2,1,2,1,1,0,3,1,1,0,1,0,12,1,7
280,1,25,1,0,2,3,0,0,0,4,11,1,15,11,3,1,0,0,0,3,3,2,1,0,0,0,0,0,1,0,0,0,6,1,9
281,0,20,0,0,11,3,0,0,1,1,4,10,14,0,23,2,0,0,0,7,1,1,2,0,1,2,3,2,1,0,0,0,1,0,5
282,3,24,0,0,6,0,0,2,0,1,9,10,14,13,0,4,1,0,0,3,2,1,0,0,0,0,2,2,1,0,10,1,4,0,9
283,2,21,1,0,4,3,0,0,1,1,11,12,13,14,2,1,1,0,0,0,2,0,1,0,0,0,0,1,3,0,0,2,20,2,9
284,0,19,0,0,2,2,0,0,1,1,0,0,3,15,3,2,0,0,0,1,1,2,1,0,0,0,0,1,1,0,0,1,11,1,21
285,1,23,1,0,5,2,0,0,1,1,10,11,16,16,5,4,1,1,0,6,1,0,1,0,0,0,1,1,3,0,4,2,14,1,5
286,0,18,1,8,2,2,0,0,0,1,5,6,2,17,1,1,0,0,0,3,1,1,2,1,2,1,0,3,2,1,4,1,3,0,4
287,1,19,0,0,1,1,0,0,2,1,9,10,2,18,1,1,0,0,0,0,1,1,1,2,0,0,1,1,3,0,0,1,13,1,9
288,2,20,0,8,1,1,0,0,1,1,11,14,14,19,3,1,1,0,0,5,1,0,1,0,1,0,0,0,3,0,0,0,24,2,8
289,1,19,0,0,1,0,1,0,2,1,8,9,15,20,2,1,1,0,0,3,0,3,2,1,0,0,0,1,2,0,1,1,15,1,6
290,0,20,0,1,1,1,0,0,2,1,9,11,15,21,1,3,0,0,0,2,0,1,2,0,1,0,0,5,2,0,0,3,3,0,8
291,2,18,0,0,1,1,0,0,2,1,6,7,1,22,10,1,0,0,0,2,0,1,2,1,1,0,1,0,2,0,3,1,10,1,20
292,3,24,0,1,7,2,0,0,2,0,16,0,18,23,8,1,1,0,0,0,1,1,1,0,1,1,2,1,1,1,1,0,26,2,8
293,0,22,1,0,7,1,0,1,0,0,9,9,2,0,1,1,0,0,0,2,1,3,1,1,1,0,1,3,3,0,2,7,8,1,8
294,1,21,1,0,5,1,0,0,1,1,12,0,4,1,4,3,0,0,0,5,1,1,2,0,1,1,0,4,3,1,4,4,11,1,8
295,0,28,0,3,3,4,0,0,2,0,10,11,14,2,0,3,0,0,0,4,3,1,1,1,2,1,1,3,1,0,1,1,5,1,10
296,1,24,0,1,7,1,0,0,2,0,9,11,16,3,2,5,0,0,0,10,1,1,2,2,1,1,1,3,0,0,1,0,7,1,7
297,0,23,0,1,12,1,1,1,2,1,10,11,17,4,2,2,0,0,0,6,1,1,1,0,0,0,1,9,0,0,3,1,3,0,8
298,0,20,1,0,1,1,0,0,2,1,9,10,14,5,0,1,0,0,0,11,1,1,2,0,1,0,0,5,1,0,1,0,9,1,9
299,0,21,1,0,5,5,0,0,0,1,5,10,15,6,0,1,0,0,0,1,2,3,2,0,1,0,1,1,2,0,2,1,6,1,4
300,0,21,0,1,11,2,0,0,1,0,11,0,16,7,2,3,0,0,0,12,1,1,1,1,1,1,1,3,1,1,2,3,9,1,9
301,2,22,1,1,11,2,0,0,2,4,10,11,4,8,2,1,0,0,0,6,0,0,2,0,1,0,0,6,1,0,3,1,12,1,8
302,0,24,0,1,14,2,0,1,2,0,9,10,15,9,1,2,0,0,0,0,1,1,2,0,1,1,0,6,1,0,0,0,6,1,8
303,1,23,0,1,12,7,0,0,0,1,9,10,14,10,2,1,0,0,0,2,2,2,2,0,1,1,1,7,0,0,0,8,11,1,7
304,0,23,0,1,12,1,1,2,1,1,0,1,15,11,4,1,0,0,0,4,1,1,1,0,1,1,0,5,2,1,2,5,10,1,20
305,2,23,0,1,11,1,0,0,2,0,9,10,15,0,1,2,0,0,0,1,1,0,2,0,1,0,2,2,1,0,2,1,10,1,8
306,0,24,0,1,12,1,0,1,2,1,10,11,15,13,4,3,1,1,0,2,1,1,1,1,1,0,1,1,2,0,1,3,16,1,7
307,1,24,1,1,14,2,0,0,1,1,7,9,14,14,0,2,0,0,0,2,1,1,2,0,2,0,1,4,0,1,1,1,23,2,7
308,1,24,0,1,12,2,0,0,1,0,10,10,14,15,2,1,0,0,0,5,2,1,1,0,1,0,2,3,1,0,1,1,4,0,8
309,0,24,0,1,12,1,0,0,2,1,9,10,14,16,4,3,0,0,0,3,1,1,1,1,1,0,2,2,1,0,5,1,5,1,5
310,0,24,0,1,11,3,0,1,1,1,9,9,15,17,2,3,1,0,0,5,2,2,2,1,1,0,2,3,1,0,3,1,10,1,7
311,2,21,0,1,4,1,0,0,2,1,9,10,14,18,2,3,1,0,0,2,2,3,1,1,1,0,0,10,0,0,2,1,1,0,7
312,0,23,0,1,11,1,0,0,2,1,9,9,14,19,14,2,0,0,0,6,1,1,2,1,1,0,1,6,2,0,1,1,2,0,19
313,1,23,0,1,10,2,0,1,0,1,9,10,15,20,1,2,0,0,0,4,1,2,1,0,1,0,1,1,1,0,1,5,8,1,9
314,0,23,0,1,9,1,0,0,2,1,11,12,15,21,3,2,0,0,0,6,2,2,2,1,2,0,2,3,1,0,3,1,11,1,8
315,0,21,0,0,5,2,1,0,0,1,8,9,14,22,2,2,0,0,0,8,2,1,2,1,1,1,0,4,1,0,2,0,7,1,6
316,3,22,0,1,12,2,0,0,2,1,11,11,15,23,4,3,1,0,0,12,1,1,0,1,1,0,0,3,1,0,2,7,9,1,7
317,0,23,0,1,11,2,0,0,1,1,9,11,15,0,2,1,1,1,0,5,3,1,1,1,1,1,1,2,1,0,0,0,0,0,7
318,1,24,0,1,14,1,0,0,1,0,8,10,14,1,2,1,1,1,0,0,2,2,0,1,1,1,1,3,2,0,0,0,22,2,7
319,0,23,0,1,11,3,0,0,1,1,11,11,16,2,4,3,1,0,0,8,3,1,1,1,1,0,1,2,1,0,5,3,9,1,7
320,1,24,0,2,5,1,1,0,2,1,9,11,15,3,3,1,0,0,0,5,1,1,1,0,0,0,1,6,0,0,0,0,13,1,6
321,1,22,0,1,9,4,0,1,1,0,9,0,15,4,4,2,1,0,0,10,1,1,1,0,1,0,1,5,1,0,0,2,5,1,5
322,2,23,0,1,11,1,0,1,1,1,11,13,17,5,6,3,1,1,1,3,2,2,1,1,1,0,1,1,1,0,0,1,10,1,5
323,2,24,0,1,12,0,0,0,2,1,0,13,1,6,4,3,0,0,0,5,1,1,1,0,1,0,1,2,0,0,1,1,14,1,20
324,3,25,0,1,10,6,0,0,2,1,5,8,2,7,0,1,1,0,0,0,3,2,1,1,2,0,3,1,0,0,0,0,10,1,5
325,3,24,0,1,12,1,0,1,1,1,11,12,15,8,4,5,0,0,0,0,2,1,2,1,0,0,1,10,0,0,1,2,15,1,7
326,1,23,0,1,14,2,0,0,1,1,8,10,14,9,1,1,0,0,0,2,2,1,1,1,1,0,1,1,3,0,5,4,6,1,7
327,1,23,0,1,11,1,0,0,1,1,9,10,14,10,2,1,0,0,0,0,2,1,1,1,1,1,3,6,1,0,4,4,11,1,7
328,0,22,1,1,10,2,0,0,1,1,11,12,16,11,4,2,0,0,0,4,1,1,2,1,1,1,1,3,2,1,3,4,5,1,8
329,1,24,0,1,10,1,0,0,1,0,11,11,16,0,1,1,0,0,0,2,2,3,2,1,1,0,0,2,2,0,4,0,5,1,10
330,0,25,0,0,6,2,0,1,2,0,10,11,2,13,14,1,1,0,0,5,2,1,1,1,1,1,1,3,1,0,3,1,11,1,20
331,0,22,1,0,15,3,0,0,2,1,10,11,3,14,3,1,0,0,0,1,3,0,1,0,1,0,0,2,1,0,1,3,10,1,7
332,0,24,0,1,12,2,1,0,0,0,9,10,15,15,3,1,1,0,0,10,0,1,2,1,1,1,1,1,2,0,3,0,8,1,6
333,1,22,0,1,7,2,0,1,0,1,9,10,15,16,3,3,1,0,0,8,2,1,2,0,1,1,0,2,1,1,2,1,4,0,6
334,2,23,1,2,3,1,0,0,2,0,11,12,16,17,3,2,0,0,0,2,1,1,2,0,0,0,0,6,2,0,1,2,8,1,8
335,0,28,0,1,1,1,0,2,2,1,8,9,15,18,1,1,0,0,0,5,2,2,1,0,1,2,0,1,1,0,0,0,7,1,7
336,2,21,1,3,4,0,0,1,1,1,9,9,15,19,1,1,0,0,0,3,1,1,1,0,0,0,0,1,1,0,5,2,2,0,8
337,1,24,0,0,11,1,0,0,2,1,10,11,2,20,4,2,1,0,0,3,2,1,1,1,1,0,3,1,3,1,3,3,15,1,6
338,3,23,0,3,6,1,0,0,1,1,11,0,3,21,1,3,0,0,0,4,2,2,1,1,1,0,1,2,1,0,2,1,9,1,10
339,1,23,0,1,11,2,0,0,2,1,11,12,15,22,4,2,1,0,0,1,1,1,1,0,0,0,1,3,1,0,1,1,17,1,8
340,3,22,1,4,2,1,0,0,1,1,1,1,4,23,1,1,1,0,0,1,1,1,1,0,1,0,1,1,3,0,3,1,9,1,24
341,0,24,0,1,12,2,0,2,0,1,0,9,0,0,0,5,1,1,0,5,2,2,2,1,2,0,3,2,1,0,1,2,9,1,0
342,0,24,0,1,8,2,0,0,2,1,6,9,14,1,0,1,0,0,0,2,1,1,1,0,0,0,0,2,1,0,0,1,9,1,6
343,0,25,0,0,12,1,0,1,0,1,10,10,15,2,0,2,1,1,0,2,3,2,1,1,2,0,3,0,2,0,1,1,2,0,10
344,0,25,0,0,12,3,0,2,0,2,8,8,15,3,2,1,1,0,0,10,1,3,2,2,2,0,0,2,2,0,1,1,3,0,7
345,0,23,0,0,1,1,0,2,1,1,11,0,3,4,2,1,1,0,0,4,1,1,0,2,0,0,0,1,1,0,2,2,10,1,9
346,1,18,0,0,2,2,0,0,2,1,11,11,15,5,3,1,0,0,0,1,1,1,1,1,1,0,3,2,2,0,4,0,18,1,8
347,2,21,1,1,11,1,0,1,0,1,8,11,2,6,4,1,0,0,0,1,0,3,2,0,0,0,0,2,1,0,1,2,6,1,4
348,0,24,0,0,9,3,0,0,0,0,10,11,3,7,1,1,1,1,0,4,2,2,1,1,2,0,2,1,1,0,4,2,4,0,9
349,4,24,0,0,15,0,0,0,2,1,10,11,4,8,1,1,1,1,0,5,2,1,2,1,2,1,3,1,1,0,1,1,9,1,9
350,1,24,0,0,11,0,0,0,1,1,9,11,15,9,15,1,0,0,0,2,1,1,1,1,0,0,3,1,0,0,2,1,12,1,19
351,3,21,0,0,4,1,0,0,2,1,9,10,14,10,0,1,0,0,0,2,1,1,1,0,0,1,1,1,0,0,1,0,11,1,9
352,0,22,1,1,8,3,0,0,0,1,9,11,16,11,3,2,0,0,0,9,2,1,1,0,0,0,3,0,3,0,1,0,4,0,6
353,0,23,0,1,10,2,0,0,1,1,8,9,14,0,0,1,1,0,0,4,1,1,1,1,1,0,0,4,2,0,2,1,6,1,8
354,1,23,0,1,8,1,0,0,2,0,9,13,4,13,3,1,0,0,0,1,2,1,2,1,1,1,2,10,1,0,5,1,11,1,6
355,2,22,1,2,3,1,1,0,1,1,9,0,3,14,2,3,0,0,0,3,3,0,1,0,0,0,0,1,3,0,2,0,10,1,7
356,1,19,0,1,3,2,0,0,2,0,10,11,3,15,3,1,0,0,0,0,1,0,2,0,0,0,3,0,3,1,0,0,14,1,8
357,0,26,0,1,12,1,0,2,1,1,8,9,4,16,3,3,0,0,0,3,2,1,0,0,0,0,2,3,0,0,0,2,9,1,5
358,1,20,0,1,3,1,0,0,0,1,7,9,15,17,12,1,1,0,0,8,2,0,0,0,0,0,0,5,0,0,2,1,3,0,20
359,0,25,0,8,10,2,0,0,2,1,10,11,15,18,3,2,0,0,0,4,2,1,1,0,0,0,0,1,3,0,7,2,1,0,7
360,2,22,1,1,8,2,0,0,1,0,10,11,14,19,2,1,0,0,0,1,3,3,1,1,1,0,1,3,2,0,2,3,8,1,8
361,2,22,1,2,10,1,0,0,1,1,9,10,14,20,1,1,0,0,0,3,1,1,0,0,0,0,0,3,3,0,4,3,14,1,9
362,1,22,1,0,3,4,0,1,0,1,3,10,15,21,11,1,0,0,0,3,3,1,2,1,1,0,0,10,3,0,0,0,17,1,16
363,2,22,1,1,8,2,0,0,2,1,5,8,14,22,24,2,0,0,0,2,2,1,2,0,1,0,3,4,0,0,2,4,15,1,5
364,2,23,0,0,12,2,0,0,1,0,10,11,15,23,4,1,0,0,0,2,0,0,1,0,1,0,1,2,3,0,1,1,15,1,6
365,3,20,0,1,2,1,0,0,2,1,1,1,5,0,5,3,0,0,0,3,1,1,2,0,0,0,3,1,1,1,3,1,18,1,20
366,0,22,1,3,8,1,0,0,2,1,9,10,3,1,12,1,0,0,0,4,1,0,2,0,0,0,0,1,1,1,2,0,12,1,21
367,1,19,1,1,1,1,0,0,1,1,10,10,14,2,1,3,0,0,0,4,2,2,2,1,1,1,1,5,1,0,1,2,6,1,9
368,1,25,0,1,10,2,0,0,0,0,14,15,15,3,3,2,1,1,0,3,2,1,1,1,1,0,0,4,1,0,2,0,9,1,11
369,0,23,0,1,7,6,0,0,2,1,10,11,15,4,2,1,0,0,0,10,1,1,1,1,1,1,1,2,3,0,2,0,9,1,8
370,2,22,1,1,5,1,0,0,1,1,11,0,16,5,2,1,0,0,0,6,1,0,0,0,0,0,0,1,3,0,0,2,22,2,9
371,2,22,1,5,9,2,0,0,1,0,9,10,14,6,0,3,0,0,0,4,1,1,0,1,1,0,0,2,0,0,1,3,25,2,9
372,0,22,1,2,5,3,0,0,1,1,10,10,15,7,2,1,0,0,0,3,1,1,2,0,1,0,0,2,1,1,1,0,6,1,8
373,0,21,0,0,9,3,0,0,1,1,6,8,2,8,11,6,0,0,0,0,1,0,0,1,2,1,2,3,1,0,2,1,0,0,20
374,2,27,0,0,12,1,0,2,2,1,10,11,3,9,2,1,1,1,0,3,3,1,1,0,0,0,1,3,2,0,2,2,14,1,8
375,4,25,0,1,10,1,0,0,1,0,11,12,15,10,1,2,1,1,0,0,2,2,1,1,0,0,1,1,0,0,5,1,19,1,10
376,0,22,1,1,7,0,0,0,0,1,9,10,14,11,0,1,0,0,0,5,3,2,2,0,1,0,0,8,2,0,1,5,5,1,9
377,0,25,1,0,15,2,0,1,0,0,10,11,14,0,2,3,0,0,0,5,1,2,1,1,0,0,1,2,3,1,3,2,0,0,8
378,0,27,0,1,2,3,0,0,2,1,8,10,16,13,1,1,0,0,0,4,1,1,1,0,1,0,1,1,2,0,0,1,3,0,7
379,0,24,0,1,4,1,0,0,0,1,9,9,2,14,2,1,1,0,0,0,1,3,2,1,1,0,1,3,0,0,0,1,3,0,7
380,2,26,0,1,12,1,0,2,1,0,8,8,2,15,2,2,1,0,0,5,2,3,1,1,0,0,3,2,3,0,1,4,19,1,6
381,0,23,0,1,10,2,0,0,0,2,8,10,15,16,1,2,0,0,0,10,1,1,2,0,2,0,1,0,1,1,1,1,9,1,7
382,2,20,1,1,3,3,0,0,1,1,10,11,2,17,3,1,0,0,0,10,1,3,2,0,1,0,0,5,1,0,1,1,6,1,7
383,0,20,0,1,6,1,0,1,0,1,8,10,13,18,1,1,0,0,0,7,2,0,2,1,0,0,3,4,1,0,2,3,11,1,7
384,3,26,0,1,8,1,0,0,2,1,10,11,3,19,3,1,1,1,1,5,3,1,1,0,0,0,1,1,1,0,2,1,6,1,8
385,1,22,0,1,5,1,0,0,2,1,10,11,15,20,2,1,1,0,0,5,1,0,1,0,0,0,2,1,2,0,1,1,23,2,8
386,1,22,1,1,11,3,0,0,2,0,13,14,17,21,3,1,0,0,0,2,0,0,0,0,0,0,0,2,3,0,0,1,17,1,10
387,3,22,1,1,11,3,0,0,1,1,13,14,2,22,5,1,0,0,0,3,1,1,1,0,0,0,1,1,2,0,2,5,25,2,8
388,4,23,1,1,8,1,0,0,2,0,10,10,14,23,0,3,1,0,0,2,1,0,1,1,1,0,1,2,1,0,0,4,9,1,10
389,1,24,1,3,10,3,0,0,2,1,8,10,14,0,2,1,0,1,0,1,1,1,2,0,2,2,0,5,1,1,3,2,12,1,6
390,3,20,1,1,8,0,0,0,2,1,0,14,17,1,4,1,0,0,0,2,0,0,2,0,1,0,0,6,3,0,0,2,7,1,20
391,4,22,0,0,8,3,0,0,1,0,10,11,17,2,2,3,0,0,0,0,0,0,0,0,0,0,3,1,3,1,0,0,11,1,8
392,0,23,0,0,4,2,0,0,0,1,11,11,3,3,2,2,1,0,0,3,3,2,1,0,1,0,3,2,1,0,3,5,17,1,9
393,1,21,1,1,4,2,0,0,1,1,10,0,15,4,3,2,0,0,0,2,1,1,2,1,1,1,1,5,1,0,1,1,11,1,7
394,2,22,1,2,5,1,0,1,0,1,5,0,5,5,10,1,0,0,0,0,1,3,2,0,1,0,0,4,1,0,1,1,21,2,19
395,1,23,1,2,10,3,0,0,2,0,11,11,15,7,2,3,0,0,0,2,1,3,1,0,1,0,1,1,2,0,1,1,11,1,9
396,0,21,0,0,3,2,0,0,2,1,11,1,16,8,3,3,0,0,0,4,2,1,2,0,1,0,1,3,0,0,0,0,7,1,9
397,3,19,1,1,5,1,0,0,1,0,10,10,3,9,2,1,0,0,0,4,1,3,2,0,0,0,3,3,2,0,0,2,12,1,8
398,0,25,0,7,8,1,1,0,1,1,9,10,14,10,2,2,1,0,0,5,1,1,1,1,1,0,1,2,1,0,2,1,5,1,7
399,2,22,1,1,6,2,0,0,2,1,5,9,14,11,23,1,0,0,0,0,3,1,2,0,1,1,0,5,1,0,0,0,7,1,6
400,0,25,0,8,2,2,0,2,1,1,9,10,15,0,2,2,1,1,0,0,1,2,1,1,1,0,3,0,3,0,1,2,17,1,7
401,0,24,0,7,8,2,0,0,0,0,11,11,15,13,2,3,1,0,0,6,3,3,2,1,1,0,3,3,2,0,3,1,5,1,9
402,0,23,1,0,9,1,0,1,1,0,10,11,3,14,2,1,1,0,0,5,2,1,2,0,0,0,0,3,3,0,2,8,14,1,8
403,2,20,0,0,1,1,0,0,1,1,9,10,16,15,13,1,0,0,0,1,3,0,0,0,0,0,2,1,1,0,1,0,19,1,20
404,1,27,1,0,14,1,0,2,1,4,7,8,15,16,1,3,0,0,0,0,1,1,1,0,1,1,3,2,0,0,5,2,6,1,6
405,1,21,1,1,4,2,0,0,2,1,10,0,14,17,2,1,0,0,1,0,0,0,1,0,1,0,0,1,1,0,0,0,19,1,8
406,0,20,1,1,6,1,0,1,1,1,10,12,15,18,1,2,0,0,0,1,1,1,1,0,1,0,0,4,1,0,3,2,6,1,9
407,1,25,0,0,11,1,0,0,2,0,6,10,16,19,9,1,0,0,0,0,0,1,1,0,0,0,0,6,1,0,0,1,7,1,21
408,1,23,0,0,11,1,0,0,1,0,8,9,2,20,0,3,0,0,0,4,1,0,1,0,2,0,0,2,3,0,3,3,19,1,8
409,1,20,1,2,4,2,0,0,1,1,11,12,16,21,2,3,0,0,0,1,1,0,1,1,2,2,1,1,3,0,3,2,5,1,9
410,1,21,0,2,5,1,0,0,2,1,9,10,2,22,3,1,0,0,0,3,0,0,2,0,1,0,3,3,2,0,2,1,24,2,6
411,3,21,0,1,5,1,0,0,2,1,9,9,3,23,0,1,0,0,0,2,1,0,2,0,1,0,3,3,1,0,0,0,5,1,9
412,1,21,1,1,7,1,0,0,1,1,9,10,15,0,2,3,0,0,0,2,1,1,1,0,1,0,1,7,1,0,0,1,21,2,7
413,1,21,0,1,2,3,0,0,2,1,10,11,14,1,3,4,0,0,0,0,1,3,1,0,1,0,1,2,3,0,3,1,13,1,7
414,2,26,0,0,14,1,0,0,1,0,0,1,16,2,3,1,0,0,0,0,0,0,0,0,1,1,0,0,2,0,0,0,11,1,21
415,0,21,0,1,6,2,0,0,2,1,8,9,14,3,0,1,0,0,0,10,2,2,2,1,1,1,3,3,1,0,0,1,0,0,8
416,0,25,0,1,12,2,0,2,2,1,11,12,14,4,4,1,0,0,0,12,2,1,2,1,1,0,1,0,0,0,0,0,4,0,7
417,3,21,1,4,5,0,0,0,1,1,9,10,16,5,2,4,0,0,0,8,1,1,2,0,2,0,0,2,1,1,1,3,7,1,7
418,2,25,1,2,10,3,0,0,2,1,1,13,16,6,5,1,0,0,0,2,1,0,0,0,0,0,0,0,3,0,0,5,8,1,20
419,0,22,1,2,7,2,0,1,2,1,11,12,3,7,1,2,0,0,0,5,1,0,1,0,2,1,0,5,2,0,1,2,3,0,11
420,0,21,0,1,8,3,0,0,0,1,9,9,15,8,1,1,0,0,0,5,1,1,1,0,1,0,0,3,1,0,2,1,4,0,8
421,1,25,0,3,15,2,0,2,0,1,10,12,15,9,4,1,1,0,0,1,1,1,1,1,1,0,0,1,3,0,1,1,18,1,5
422,2,26,0,5,15,1,0,0,2,0,10,10,14,10,1,4,1,1,1,3,2,1,0,0,0,1,3,0,1,0,0,2,26,2,9
423,0,24,1,2,10,0,0,1,0,4,9,11,15,11,14,3,0,0,0,4,1,2,1,0,1,0,0,2,1,0,0,1,1,0,19
424,0,23,1,0,7,0,0,1,2,1,7,10,2,0,2,2,0,0,0,5,1,3,1,0,1,0,0,2,3,0,7,4,7,1,5
425,1,23,1,0,4,2,0,0,1,1,8,8,14,13,0,1,0,0,0,2,1,1,1,0,1,1,0,3,2,0,2,3,15,1,8
426,0,20,1,0,1,1,0,0,1,0,10,11,3,14,0,2,0,0,0,4,1,0,2,0,1,1,3,3,1,1,0,5,10,1,10
427,0,22,0,1,7,2,0,0,0,0,5,6,2,15,2,1,1,0,0,5,3,1,1,2,1,0,2,1,3,0,3,0,19,1,3
428,1,20,1,2,2,2,0,0,0,1,10,10,3,16,3,1,0,0,0,2,2,3,2,0,1,1,2,5,3,1,2,2,11,1,7
429,0,23,0,1,10,1,0,0,1,1,10,0,3,17,4,1,0,0,0,0,1,1,1,0,0,1,1,1,3,1,4,1,9,1,6
430,0,24,0,1,10,3,1,0,1,1,9,10,14,18,1,1,0,0,0,0,1,3,1,0,0,0,3,5,1,0,1,1,10,1,9
431,1,23,0,1,12,1,0,1,0,0,10,11,2,19,2,2,1,0,0,3,1,3,2,1,1,0,2,4,1,0,0,1,14,1,8
432,0,22,1,0,5,1,0,0,1,1,11,11,15,20,3,1,0,0,0,4,2,1,0,0,0,0,0,2,1,0,0,2,8,1,8
433,2,20,1,1,5,1,0,0,1,1,8,8,13,21,1,2,0,0,0,4,3,0,1,0,2,0,0,2,3,0,0,0,20,2,7
434,3,25,0,1,12,3,0,2,0,0,11,12,14,22,2,4,0,0,0,5,3,3,2,1,1,0,2,3,2,1,5,2,12,1,9
435,1,20,0,0,1,3,0,0,0,0,9,11,14,23,1,1,0,0,0,3,1,2,2,1,1,0,0,3,3,0,1,6,14,1,8
436,2,22,1,0,6,1,0,0,1,1,11,1,17,0,3,1,1,0,0,1,1,0,1,0,0,0,0,1,3,0,2,2,17,1,8
437,0,21,0,0,4,3,0,0,2,1,10,0,17,1,5,3,0,0,0,4,3,0,2,1,1,0,1,2,3,0,1,4,5,1,5
438,0,24,0,0,11,3,0,1,2,1,8,9,2,2,11,1,0,0,0,10,3,3,1,1,1,0,0,1,1,0,2,1,0,0,21
439,1,24,0,1,12,3,0,0,2,0,8,10,3,3,1,2,1,0,0,0,1,1,1,0,1,0,1,3,1,0,2,1,19,1,7
440,2,24,0,0,11,1,0,0,2,1,10,11,15,4,2,2,0,0,0,4,2,1,2,2,2,1,1,4,1,0,8,1,9,1,8
441,1,20,0,0,3,2,0,0,1,1,11,2,2,5,5,2,0,0,0,0,1,1,1,0,0,0,0,1,3,0,0,0,24,2,7
442,2,21,1,1,4,2,0,0,1,1,5,10,14,6,1,1,0,0,0,2,3,0,2,1,1,0,0,4,1,0,1,1,11,1,4
443,4,25,0,0,9,3,1,2,2,1,0,13,19,7,6,1,1,0,0,0,0,0,2,0,1,0,3,2,3,0,0,5,21,2,18
444,0,23,0,0,12,2,0,0,0,1,8,8,14,8,0,1,1,0,0,4,2,1,1,1,1,0,3,1,0,1,0,0,9,1,8
445,0,21,0,1,6,0,0,1,2,0,9,10,15,9,24,3,0,0,0,5,1,1,2,1,2,0,3,2,2,1,1,3,9,1,9
446,2,25,1,0,2,3,0,0,1,1,8,9,14,10,1,3,0,0,0,5,1,3,1,0,1,0,1,5,1,1,3,1,23,2,8
447,1,18,1,0,5,0,0,0,1,1,9,11,15,11,5,10,0,0,0,4,1,3,2,1,1,0,0,5,1,0,1,4,14,1,4
448,2,25,0,1,10,1,1,0,2,1,11,0,3,0,3,1,1,0,1,7,1,0,1,0,1,0,2,2,1,0,2,3,20,2,8
449,0,24,0,1,8,2,0,1,1,1,10,11,15,13,3,3,0,0,0,6,1,1,2,1,2,0,3,3,2,0,0,0,0,0,7
450,1,24,0,1,7,1,0,0,0,1,8,9,14,14,0,1,1,0,0,3,1,2,2,1,1,0,1,1,1,0,2,0,12,1,8
451,1,22,1,0,5,1,0,0,2,0,11,12,4,15,2,2,0,0,0,4,1,1,2,0,0,0,0,4,1,0,0,1,8,1,9
452,0,25,0,1,2,3,0,0,0,4,9,9,14,16,1,2,0,0,0,15,1,1,1,1,1,1,1,4,3,0,3,2,5,1,8
453,3,22,0,1,7,1,0,1,1,0,10,11,2,17,1,2,0,0,0,5,1,3,1,0,1,0,3,2,3,1,1,1,12,1,9
454,1,27,1,0,6,2,0,1,2,1,5,7,15,18,1,3,0,0,0,5,1,0,2,1,1,0,1,2,1,0,4,0,19,1,4
455,3,23,1,2,8,1,0,1,2,0,11,0,15,19,3,1,0,0,0,3,1,3,2,0,0,0,0,2,3,0,4,1,10,1,8
456,1,22,1,1,10,1,0,0,1,0,9,10,15,20,2,2,0,0,0,0,1,1,1,2,1,0,0,3,1,0,1,1,9,1,7
457,1,23,0,1,11,4,1,0,2,1,5,11,15,21,1,1,0,0,0,0,0,1,2,0,0,0,3,5,1,0,3,0,13,1,4
458,2,20,1,5,2,1,0,0,2,1,8,10,14,22,2,1,0,0,0,4,2,1,1,0,0,0,0,6,2,1,1,6,23,2,6
459,0,21,1,0,4,2,0,0,1,0,8,11,16,23,4,2,1,1,0,6,2,0,0,0,0,0,0,6,3,1,0,1,13,1,4
460,0,22,0,1,13,2,0,0,0,1,7,8,14,0,0,1,0,0,0,1,2,1,2,0,0,0,2,3,0,0,2,0,14,1,7
461,2,23,1,1,8,4,0,0,2,1,9,11,16,1,1,1,0,0,0,3,2,3,2,0,0,0,0,1,2,0,0,0,20,2,8
462,3,24,0,1,12,1,0,0,2,1,10,11,15,2,2,1,0,0,0,2,1,0,2,0,2,0,0,0,2,0,0,0,2,0,8
463,2,23,0,1,12,2,0,1,2,1,9,11,16,3,3,1,0,0,0,0,0,0,0,0,2,0,1,1,0,0,3,5,11,1,6
464,2,27,1,2,3,1,0,0,0,4,0,15,18,4,5,2,1,0,0,1,2,3,1,0,0,0,1,5,2,1,3,1,17,1,19
465,0,21,1,0,5,3,0,0,0,0,0,1,3,5,5,1,1,0,0,4,2,2,1,0,0,0,0,4,3,0,1,2,13,1,20
466,2,25,0,0,12,1,0,0,1,1,11,11,15,6,3,1,0,0,0,0,0,0,2,0,0,0,2,4,2,0,0,3,17,1,8
467,1,22,1,2,4,0,0,0,0,0,10,11,15,7,2,2,0,0,0,10,1,2,2,0,1,0,0,6,2,1,3,1,19,1,8
468,2,20,0,0,5,3,0,0,2,1,11,0,15,8,4,3,1,0,0,2,2,1,2,0,1,1,1,0,0,1,6,4,17,1,7
469,2,20,1,1,1,4,0,0,1,1,10,11,3,9,2,2,0,0,0,3,1,1,2,0,0,0,0,2,1,1,0,0,21,2,8
470,3,23,0,2,8,1,0,0,2,1,8,10,14,10,1,1,0,0,0,7,1,1,1,0,0,0,1,4,3,0,3,0,8,1,7
471,2,23,0,0,14,1,0,0,1,1,12,13,17,11,4,1,1,1,1,9,0,0,0,0,1,0,1,0,0,0,0,1,18,1,7
472,3,20,0,0,5,1,0,0,2,1,11,11,15,0,3,1,0,0,0,1,0,0,0,0,0,0,1,4,3,0,0,6,24,2,8
473,0,25,0,1,14,1,1,1,0,1,11,12,15,13,4,1,0,0,0,4,1,1,1,1,0,0,1,1,3,0,2,2,8,1,8
474,0,20,0,0,1,2,0,0,0,1,9,10,3,14,0,1,0,0,0,3,2,2,1,1,1,0,3,2,3,0,1,1,3,0,9
475,0,24,1,2,10,3,0,0,0,1,9,10,3,15,1,3,0,0,0,8,2,1,1,0,1,0,0,2,3,0,2,2,11,1,8
476,1,24,0,2,9,6,0,0,2,0,8,10,15,16,1,2,1,0,0,0,3,0,1,1,1,1,1,1,2,0,2,0,16,1,7
477,0,24,0,1,13,2,0,1,2,1,8,10,2,17,1,2,1,0,0,3,1,0,1,1,1,1,1,5,0,0,2,1,6,1,7
478,0,27,1,2,4,3,0,2,2,0,8,10,14,18,0,2,0,0,0,1,1,1,2,0,0,0,3,2,2,0,2,1,18,1,8
479,0,24,1,0,12,1,0,2,2,0,9,10,14,19,1,1,0,0,0,3,1,1,2,0,2,0,0,1,0,0,1,0,3,0,8
480,2,24,0,1,12,1,0,0,2,0,13,15,18,20,6,3,1,0,0,6,2,0,0,0,0,0,3,0,1,1,1,2,27,2,7
481,0,22,0,2,6,2,0,0,0,1,10,10,2,21,0,1,0,0,0,4,1,0,2,0,0,0,0,2,0,0,0,0,3,0,10
482,3,21,1,0,5,1,0,0,1,1,11,12,15,22,4,4,0,0,0,3,1,2,0,1,1,0,0,2,2,0,2,5,8,1,7
483,2,25,0,1,14,1,1,0,1,1,21,0,0,23,8,3,1,0,0,11,2,0,1,0,0,0,3,0,2,0,2,10,20,2,13
484,2,23,1,2,10,2,0,0,2,1,10,11,3,0,2,2,0,0,0,3,0,1,0,0,1,0,0,3,3,0,0,1,15,1,8
485,0,21,1,0,5,1,0,0,2,0,11,0,14,1,23,2,0,0,0,5,1,2,1,0,0,0,0,2,3,0,1,0,15,1,12
486,4,20,0,0,3,1,0,0,2,1,10,13,16,2,3,3,0,0,0,0,0,0,2,0,0,0,0,5,1,0,2,1,20,2,7
487,0,20,0,0,5,1,0,0,1,1,10,23,15,3,1,1,0,0,0,2,2,1,2,1,1,0,0,3,2,0,3,1,9,1,9
488,2,20,1,1,5,0,0,0,1,0,11,12,4,4,1,1,0,0,0,3,1,2,2,1,1,0,2,5,1,0,1,1,19,1,10
489,1,20,0,0,2,1,0,0,2,1,11,13,15,5,1,1,1,0,0,4,3,2,0,0,0,0,0,2,1,0,1,2,18,1,10
490,1,25,0,0,12,2,0,2,2,1,4,8,14,6,1,2,0,0,0,3,1,0,2,0,0,0,1,3,1,1,0,1,19,1,3
491,3,23,0,2,7,1,0,0,2,1,5,9,15,7,24,1,0,0,0,6,1,1,2,1,0,0,1,3,3,0,0,1,21,2,5
492,1,21,0,1,4,1,0,0,2,0,13,13,17,8,5,1,0,0,0,3,1,0,1,0,1,0,3,3,1,0,0,0,12,1,8
493,2,25,0,1,12,1,0,1,1,1,14,14,14,9,3,2,0,1,0,2,1,1,0,0,1,0,1,4,3,0,2,1,21,2,11
494,0,22,0,1,7,2,0,0,2,1,10,11,15,10,3,1,0,0,0,1,2,2,1,1,1,1,1,1,2,1,0,1,14,1,7
495,2,23,1,4,11,1,0,1,1,0,0,0,16,11,4,1,0,0,0,2,1,2,1,0,1,1,0,1,2,0,1,1,6,1,20
496,0,22,0,1,7,3,0,0,2,1,6,9,14,0,22,2,0,0,0,3,2,1,2,2,1,0,1,2,1,0,3,1,0,0,8
497,1,20,1,1,5,2,0,0,1,1,9,9,14,13,3,2,0,0,0,4,1,1,1,0,1,0,0,6,0,0,2,1,14,1,6
498,1,21,1,0,3,1,0,0,2,1,10,10,4,14,2,2,0,0,0,3,1,0,2,0,1,0,0,3,0,1,2,1,15,1,8
499,3,25,0,5,15,0,0,0,1,1,5,9,14,15,23,1,0,0,0,1,1,1,2,1,1,0,3,0,3,0,0,0,20,2,6
500,3,20,1,0,1,1,0,0,2,0,11,11,14,16,3,1,0,0,0,3,0,1,2,0,0,0,0,6,2,0,0,0,15,1,8
501,1,19,1,0,2,1,0,0,1,1,16,9,17,17,10,1,0,0,0,3,1,0,2,0,1,0,3,1,3,0,0,2,14,1,7
502,0,21,1,0,5,0,0,0,2,1,8,9,14,18,1,3,0,0,0,4,1,1,1,1,1,0,1,4,2,0,2,2,5,1,7
503,0,24,1,1,12,3,0,0,2,0,11,12,15,19,2,4,0,0,0,0,1,1,2,1,1,1,0,2,3,1,1,1,9,1,9
504,2,22,0,0,6,1,0,0,1,0,14,0,3,20,3,6,0,0,0,6,0,0,1,0,0,0,2,3,3,1,0.8,0,13,1,11
505,1,28,0,0,1,1,0,0,1,0,10,11,3,21,4,1,1,1,0,7,1,1,1,0,1,0,1,2,2,0,2,1,15,1,6
506,0,21,1,0,3,0,0,0,2,1,0,11,2,22,15,1,0,0,0,2,1,2,1,1,2,0,0,4,2,0,1,5,4,0,10
507,1,21,0,1,5,0,0,0,0,1,9,10,15,23,2,3,0,0,0,5,2,1,2,1,0,0,3,5,0,0,3,1,5,1,7
508,0,20,0,2,1,0,0,0,2,1,9,10,3,0,1,1,0,0,0,3,1,3,1,1,1,1,2,2,1,1,1,0,6,1,9
509,0,24,0,0,12,3,0,1,1,1,9,11,15,1,1,2,1,1,0,7,1,1,1,1,2,1,1,2,2,0,2,2,9,1,8
510,0,23,1,0,12,2,0,0,0,0,11,11,16,2,4,4,0,0,0,8,3,3,1,0,1,0,0,5,3,0,1,1,20,2,7
511,0,22,0,1,11,2,0,0,2,1,9,11,15,3,2,3,0,0,0,3,1,1,1,0,0,0,1,1,1,0,0,0,12,1,8
512,1,24,0,0,13,6,0,0,0,4,9,10,16,4,23,1,1,0,0,10,1,2,1,1,1,0,1,0,3,0,4,1,14,1,10
513,2,20,1,1,2,2,0,0,0,1,0,11,4,5,3,1,0,0,0,2,1,1,2,0,0,1,0,3,2,0,0,1,13,1,21
514,2,23,1,0,11,2,0,0,1,1,9,10,3,6,2,1,0,0,0,2,1,1,1,0,0,0,0,1,2,0,4,1,17,1,7
515,2,23,1,2,9,1,0,0,2,0,9,11,2,7,1,3,0,0,0,3,2,3,2,1,1,0,1,7,1,0,1,3,4,0,8
516,2,20,1,0,2,2,0,0,1,0,9,10,14,8,13,1,0,0,0,2,1,1,0,0,0,0,0,1,3,0,3,1,4,0,20
517,1,22,1,4,11,2,0,0,2,0,7,8,14,9,1,1,0,0,0,5,1,3,1,0,0,0,0,4,2,0,0,0,10,1,6
518,0,19,1,2,1,0,0,0,0,1,9,9,14,10,0,1,0,0,0,3,1,1,2,0,0,1,0,4,3,0,0,1,13,1,9
519,3,22,1,4,11,1,0,0,2,4,9,11,15,11,2,4,0,0,0,1,1,1,0,0,1,0,2,5,3,0,8,2,12,1,7
520,2,23,1,0,10,2,0,0,1,1,11,0,16,0,4,1,0,0,0,5,3,1,1,0,1,0,0,2,1,1,2,0,18,1,7
521,0,20,1,2,2,1,0,0,1,1,9,10,15,13,2,2,0,0,0,3,1,2,2,1,1,0,2,2,1,0,1,2,4,0,7
522,2,24,0,1,5,1,0,0,2,1,9,12,17,14,6,1,1,0,0,3,1,1,1,1,0,0,3,1,3,0,0,0,18,1,3
523,1,23,1,1,13,2,0,1,0,0,9,11,15,15,3,2,1,0,0,0,3,2,0,0,0,0,3,5,0,0,3,0,15,1,6
524,0,25,0,0,11,1,0,0,0,0,8,8,15,16,3,3,1,0,0,1,2,3,1,1,1,0,1,2,1,0,2,0,1,0,6
525,3,21,1,3,8,1,0,1,0,1,13,14,16,17,3,1,0,0,0,5,2,3,1,0,2,0,0,5,3,0,0,3,12,1,10
526,4,21,0,0,7,7,0,0,0,1,9,11,3,18,2,2,0,0,0,0,1,1,2,1,1,1,1,2,0,0,1,1,20,2,7
527,1,23,1,2,8,3,0,0,2,1,10,11,15,19,1,4,0,0,0,3,1,1,2,0,1,0,1,3,1,1,0,0,12,1,10
528,1,21,1,0,5,2,0,0,0,0,9,11,15,20,2,3,0,0,0,4,1,1,1,0,0,0,1,4,2,1,1,1,11,1,7
529,2,20,1,1,2,1,0,1,2,0,10,10,14,21,5,2,1,0,0,2,0,1,0,0,1,0,2,5,1,0,0,1,22,2,5
530,0,20,0,1,5,1,0,0,1,1,9,10,14,22,0,1,0,0,0,0,3,1,1,0,0,0,1,0,2,0,4,10,20,2,9
531,4,22,1,0,5,3,0,0,2,1,6,9,16,23,2,1,0,0,0,2,1,0,1,1,2,1,0,3,1,0,4,2,18,1,4
532,3,33,1,4,9,3,0,1,1,3,9,10,15,0,3,1,1,0,0,4,1,0,1,0,0,0,3,3,2,1,0,3,25,2,7
533,1,23,0,0,9,3,0,0,1,0,9,10,16,1,5,2,1,0,0,5,2,3,1,0,2,0,2,4,1,0,1,1,20,2,4
534,2,24,0,1,9,1,0,0,0,0,8,0,6,2,5,2,1,0,0,5,3,2,2,1,2,1,1,9,1,0,0,3,10,1,3
535,3,24,0,0,2,3,0,0,2,1,9,10,2,3,12,2,0,0,0,4,2,1,1,1,1,0,1,2,1,0,1,1,12,1,22
536,2,20,0,0,5,2,0,0,1,1,8,10,16,4,24,1,0,0,0,6,1,2,2,1,1,1,2,8,2,0,2,1,14,1,8
537,1,21,1,1,2,2,0,0,2,1,10,11,15,5,3,1,0,0,0,5,0,0,1,0,0,0,0,4,1,0,0,0,24,2,7
538,2,25,0,1,12,2,0,0,1,1,11,13,13,6,4,1,0,0,0,0,1,2,2,0,1,0,0,0,2,0,2,0,20,2,7
539,3,24,1,0,13,1,0,2,2,1,11,12,15,7,5,1,0,0,0,0,1,0,2,0,1,0,0,6,3,1,1,7,23,2,6
540,1,24,0,0,12,1,0,2,2,1,9,10,14,8,3,4,1,0,0,7,3,0,1,1,1,0,3,2,3,0,0,1,11,1,6
541,2,23,1,1,7,3,0,0,1,0,0,13,18,9,6,3,0,0,0,1,1,1,1,0,0,0,0,0,3,0,1,1,19,1,18
542,2,20,1,6,4,2,0,0,2,1,11,0,4,10,6,2,0,0,0,2,1,1,1,0,1,1,1,4,3,1,3,4,18,1,5
543,2,20,0,1,1,1,0,1,1,1,10,11,3,11,5,1,0,0,0,0,2,1,2,0,0,0,3,0,1,0,0,0,10,1,5
544,1,24,0,0,11,1,0,1,1,1,8,15,15,0,6,2,1,0,0,5,3,3,1,1,1,0,3,0,0,0,4,0,9,1,2
545,2,23,1,2,8,1,0,0,2,1,9,11,15,13,2,2,0,0,0,4,2,1,1,0,0,0,1,4,3,0,0,2,23,2,7
546,0,23,1,0,11,1,0,0,1,1,10,11,15,14,2,1,0,0,0,5,1,2,2,0,1,0,0,1,3,0,2,2,8,1,8
547,0,22,1,4,10,1,0,0,1,1,7,8,2,15,11,2,0,0,0,0,1,1,2,1,1,1,0,4,2,0,2,1,7,1,19
548,2,20,0,3,2,1,0,0,1,1,6,8,13,16,12,1,1,0,0,15,3,0,0,1,1,0,1,3,1,0,2,1,14,1,19
549,0,21,1,4,3,2,0,0,2,4,5,7,3,17,11,1,0,0,0,2,1,3,2,1,0,1,1,2,3,0,1,0,11,1,18
550,0,22,1,1,10,2,0,0,2,1,8,9,14,18,0,2,0,0,0,3,1,0,1,0,1,0,0,1,2,0,1,1,18,1,8
551,3,23,0,1,13,1,0,1,1,1,9,10,15,19,1,1,0,0,0,5,1,1,1,0,1,0,1,2,2,1,2,1,14,1,8
552,3,25,0,1,13,1,0,0,2,0,10,10,18,20,3,2,1,0,0,0,0,0,1,0,1,0,1,2,1,0,2,5,24,2,7
553,0,20,0,0,5,2,0,0,0,1,8,10,16,21,20,2,0,0,0,4,1,1,1,1,1,0,1,2,1,0,0,0,0,0,12
554,0,23,0,1,10,0,1,0,0,1,7,10,2,22,2,1,0,0,0,2,2,2,2,2,2,1,1,4,1,0,3,2,3,0,5
555,3,20,1,1,1,2,0,0,1,0,8,10,15,23,1,1,0,0,0,0,2,0,1,0,0,0,1,3,2,0,0,1,18,1,7
556,2,24,1,0,11,3,0,0,2,0,9,11,15,0,2,3,0,0,0,1,0,1,2,0,1,0,0,1,1,1,1,0,25,2,7
557,0,22,0,1,5,1,0,0,2,0,10,11,2,1,4,2,0,0,0,3,1,0,0,0,1,1,0,5,1,0,1,2,9,1,6
558,0,25,0,1,8,1,0,2,1,4,8,9,14,2,2,1,0,0,0,2,1,1,1,0,0,0,0,2,0,0,3,1,6,1,6
559,3,22,0,0,5,2,0,1,2,1,6,10,14,3,0,1,0,0,0,1,1,3,1,0,1,0,1,1,2,0,0,0,6,1,6
560,1,25,1,2,10,1,0,0,0,1,10,23,2,4,2,4,0,0,0,4,2,3,1,0,2,1,3,4,3,0,3,5,16,1,8
561,1,19,1,0,3,0,0,0,2,1,10,11,3,5,2,1,0,0,0,2,1,1,2,0,0,0,0,2,1,0,1,3,16,1,8
562,2,26,0,1,12,2,1,0,2,1,11,12,15,6,0,2,0,0,0,2,1,1,2,1,0,0,1,1,1,1,3,1,18,1,11
563,0,25,0,0,12,3,0,2,0,1,8,8,2,7,2,2,1,1,0,1,1,1,1,1,1,0,1,0,1,0,0,0,4,0,6
564,0,22,0,1,7,2,0,0,2,1,11,0,3,8,2,1,1,1,0,4,2,2,1,1,0,0,3,1,1,1,0,1,16,1,9
565,1,21,1,1,1,2,0,0,1,0,10,11,15,9,3,2,0,0,0,3,1,1,1,0,1,0,0,7,1,0,0,0,23,2,7
566,3,21,0,0,4,2,0,0,2,1,11,0,16,10,2,1,0,0,0,0,0,0,1,1,1,1,3,1,2,0,4,0,12,1,9
567,0,22,0,0,11,3,0,1,1,0,11,0,3,11,3,1,1,0,0,6,2,1,1,1,0,0,3,3,2,0,1,6,3,0,8
568,0,22,1,0,11,1,0,2,1,1,11,12,3,0,1,3,0,0,0,4,1,1,2,1,1,0,0,3,2,0,2,5,5,1,10
569,2,23,0,0,8,2,0,1,2,1,10,11,15,13,2,1,1,0,0,3,1,1,1,1,1,0,1,0,3,0,0,1,18,1,8
570,3,23,0,0,8,1,0,0,2,1,11,0,13,14,4,1,0,0,0,1,1,1,1,0,0,0,3,0,1,0,2,3,23,2,7
571,2,21,0,0,2,2,0,1,2,1,9,15,15,15,3,1,1,0,0,4,1,1,1,0,1,0,1,4,3,0,5,2,10,1,6
572,0,29,0,2,5,0,0,1,1,4,10,11,15,16,2,2,0,0,0,5,2,1,1,0,0,0,3,4,1,0,1,1,3,0,8
573,0,25,0,1,11,2,0,2,1,1,14,15,19,17,4,1,0,0,0,4,1,1,0,0,1,0,0,6,0,0,0,2,2,0,10
574,0,22,1,0,8,1,0,2,2,0,11,12,16,18,1,1,0,0,0,3,0,1,2,0,0,0,0,0,2,0,0,1,12,1,10
575,0,25,0,1,13,3,0,2,2,4,6,8,14,19,1,1,0,0,0,7,1,1,1,1,1,0,0,8,0,0,5,0,4,0,5
576,1,22,1,5,8,3,0,0,2,1,12,14,16,20,2,2,0,0,0,6,1,3,1,0,1,0,0,6,0,0,0,1,10,1,10
577,2,21,2,2,5,1,0,0,2,0,11,11,2,21,3,3,0,0,0,2,1,1,2,0,1,1,1,7,0,0,3,10,13,1,8
578,1,21,0,0,5,1,0,1,2,1,10,11,4,22,1,3,0,0,0,3,3,1,1,1,1,0,2,2,2,0,2,1,16,1,9
579,0,22,0,1,11,1,0,0,2,1,5,8,1,23,11,2,0,0,0,5,1,1,2,0,2,2,1,10,0,0,2,1,10,1,18
580,2,24,1,1,11,2,0,0,2,1,11,0,16,0,2,2,0,0,0,3,1,1,1,0,0,0,0,2,3,0,3,2,14,1,9
581,1,24,1,0,12,2,0,0,2,0,9,10,14,1,1,1,0,0,0,2,1,1,1,0,0,0,1,2,2,0,5,1,14,1,8
582,1,22,0,1,13,1,0,0,0,1,9,10,2,2,1,3,0,0,0,4,2,1,1,0,0,0,1,1,3,0,3,1,15,1,8
583,1,24,1,0,13,1,0,0,1,1,11,12,16,3,4,3,0,0,0,0,0,0,1,0,0,0,0,0,2,0,1,1,16,1,7
584,2,24,0,1,12,3,0,0,1,1,11,12,16,4,4,2,1,0,0,12,2,1,0,0,1,0,3,6,2,0,7,1,9,1,7
585,0,22,1,2,8,2,0,0,2,0,8,10,2,5,0,2,0,0,0,2,1,2,1,0,1,1,0,3,1,1,1,1,4,0,8
586,3,23,1,2,10,2,0,0,0,0,9,10,14,6,2,1,0,0,0,5,1,0,1,0,1,0,0,1,2,0,0,0,10,1,7
587,3,21,1,1,6,2,0,0,2,1,8,1,16,7,2,2,0,0,0,5,1,0,1,0,0,0,1,5,1,0,1,1,8,1,6
588,0,19,0,1,2,2,0,2,0,1,0,2,5,8,6,1,0,0,0,0,1,3,1,0,1,0,0,4,1,0,2,2,9,1,18
589,1,22,1,1,14,2,0,0,2,1,10,11,15,9,2,2,0,0,0,2,1,0,1,0,1,1,0,4,1,0,2,1,2,0,8
590,0,22,1,3,7,3,0,0,2,1,9,10,15,10,2,1,0,0,0,0,1,0,2,0,0,0,0,2,2,0,0,1,15,1,7
591,3,21,0,1,4,2,0,0,2,1,10,11,15,11,4,1,1,0,0,3,1,0,2,0,0,0,1,6,1,0,0,1,7,1,6
592,4,25,0,1,10,1,1,0,0,0,1,15,17,0,4,1,1,1,1,6,3,3,1,0,1,0,3,0,0,1,7,7,7,1,21
593,0,22,1,4,8,2,0,0,1,1,7,10,15,13,1,2,0,0,0,7,1,3,1,1,2,0,0,0,1,0,0,1,5,1,6
594,2,20,1,1,5,0,0,0,1,0,13,14,14,14,6,1,0,0,0,4,1,0,1,0,0,0,3,0,3,0,0,4,27,2,8
595,0,30,0,0,1,0,1,2,2,1,10,8,13,15,0,1,0,0,0,3,1,1,1,1,1,1,1,1,0,0,7,0,0,0,10
596,3,20,1,1,1,1,0,0,2,1,10,0,15,16,2,2,0,0,0,3,1,1,1,0,1,1,1,1,2,0,2,1,26,2,8
597,0,21,1,2,1,2,0,1,2,1,0,1,16,17,4,2,0,0,0,2,1,2,1,0,1,0,0,2,1,0,1,0,3,0,20
598,0,22,0,0,12,2,0,0,1,1,11,12,15,18,4,2,1,1,0,2,3,1,0,1,2,0,0,2,1,0,6,2,4,0,7
599,3,20,1,0,2,1,0,0,2,1,14,14,17,19,5,2,0,0,0,2,0,0,2,1,1,0,0,2,2,0,3,2,13,1,9
600,1,19,1,1,3,1,0,0,1,0,16,9,3,20,10,1,0,0,0,3,0,0,1,0,0,0,0,3,3,1,0,1,17,1,7
601,4,24,0,1,10,1,1,2,2,0,0,13,17,21,6,2,1,0,0,0,0,0,0,0,0,0,0,10,3,0,0,0,0,0,18
602,1,22,0,1,5,0,0,0,1,0,11,13,16,22,4,2,0,0,0,6,1,1,1,0,0,0,2,1,2,1,1,2,14,1,7
603,2,20,0,0,1,3,0,1,0,1,9,10,2,23,3,1,0,0,0,3,3,1,1,0,0,0,0,2,3,0,2,2,5,1,6
604,0,23,1,4,5,7,0,0,2,1,11,11,15,0,3,4,1,1,0,4,2,1,0,0,1,0,2,3,1,0,2,3,0,0,8
605,3,22,0,1,1,1,0,0,0,0,10,11,3,1,3,1,0,0,0,2,1,1,1,1,1,0,1,3,2,0,2,1,12,1,8
606,0,21,0,0,4,1,0,0,0,1,10,11,14,2,3,3,1,1,0,0,3,3,1,1,1,0,1,2,1,0,6,3,18,1,7
607,2,24,1,2,12,2,0,1,2,1,9,10,2,3,1,1,0,0,0,5,1,1,0,0,1,0,0,0,3,0,0,0,21,2,8
608,1,21,1,0,3,1,0,1,0,1,12,0,2,4,3,4,0,0,0,4,1,1,1,0,1,0,0,3,2,1,0,0,15,1,9
609,0,22,0,1,5,0,0,0,1,0,7,8,14,5,0,2,0,0,0,6,1,1,1,0,2,0,1,5,1,0,2,2,4,0,7
610,2,26,0,0,13,3,0,0,1,0,0,13,17,6,4,1,1,0,0,0,1,1,1,1,0,0,2,3,3,0,0,1,22,2,20
611,1,20,1,0,7,3,0,0,0,1,9,10,14,7,2,1,0,0,0,6,1,1,2,1,1,1,0,4,1,0,0,1,6,1,7
612,1,20,0,1,1,4,0,0,0,0,8,9,14,8,2,1,0,0,0,1,1,0,1,1,1,0,1,9,1,0,1,1,7,1,6
613,2,26,1,1,14,1,0,0,1,1,10,11,15,9,2,1,0,0,0,2,1,1,1,0,1,0,0,2,2,0,10,7,18,1,8
614,0,23,0,1,9,1,0,0,2,1,8,9,14,10,1,1,1,0,0,4,1,0,1,2,1,0,0,3,0,0,1,1,2,0,7
615,0,23,0,1,12,0,1,0,2,0,8,16,18,11,4,1,0,0,0,0,1,0,1,0,1,0,2,2,0,0,0,0,0,0,4
616,3,25,1,0,11,0,0,0,2,4,8,10,14,0,23,1,0,0,0,1,3,3,1,0,0,0,3,2,2,0,3,3,11,1,9
617,0,22,0,1,9,1,1,0,2,1,7,10,15,13,3,1,0,0,0,2,1,1,0,0,1,0,3,2,0,0,2,3,13,1,5
618,0,23,0,1,11,1,0,0,0,1,8,10,15,14,1,3,0,0,0,2,1,1,2,0,1,1,1,3,1,0,3,1,3,0,8
619,0,21,1,1,10,2,0,0,2,1,10,11,2,15,15,1,0,0,0,9,1,1,2,1,1,1,0,6,1,0,0,0,11,1,20
620,0,26,0,0,11,2,1,0,2,1,6,8,1,16,11,1,0,0,0,5,1,1,1,1,1,1,0,5,1,1,1,5,9,1,19
621,0,22,1,1,11,1,0,0,0,1,6,7,13,17,0,2,0,0,0,6,1,1,2,1,2,1,2,2,1,0,1,1,8,1,6
622,1,21,1,0,5,1,0,0,2,0,9,11,2,18,2,3,0,0,0,1,0,2,1,0,0,0,0,5,2,0,0,1,17,1,7
623,3,21,0,1,8,2,0,0,1,1,10,10,3,19,1,3,0,0,0,3,1,1,1,1,0,0,3,5,1,0,5,6,13,1,9
624,0,22,1,1,9,0,0,0,1,1,10,10,16,20,2,1,0,0,0,4,2,1,1,0,0,1,1,1,1,0,1,1,14,1,8
625,0,25,1,4,10,1,0,0,1,1,9,10,14,21,0,1,0,0,0,3,1,1,0,0,1,0,0,4,3,0,1,3,19,1,9
626,1,24,1,1,2,2,0,2,1,1,5,7,13,22,0,1,0,0,0,4,1,1,2,1,2,1,1,4,0,0,1,1,5,1,5
627,0,21,0,8,2,2,0,1,2,1,8,10,14,23,1,1,1,1,0,4,2,1,1,1,1,2,1,1,1,0,0,1,11,1,7
628,3,24,0,1,11,3,0,0,2,1,8,0,3,0,3,2,1,1,0,2,2,1,1,1,1,1,3,6,2,1,3,5,12,1,5
629,3,21,1,2,5,1,0,0,2,1,8,10,2,1,3,3,0,0,0,5,1,1,1,0,1,0,0,4,2,0,0,6,15,1,5
630,3,22,0,2,7,1,0,0,0,1,8,9,14,2,1,3,0,0,0,6,3,1,1,1,1,0,1,3,3,0,5,1,3,0,7
631,2,19,0,3,2,2,0,2,2,1,10,11,3,3,0,1,0,0,0,3,2,1,1,0,0,0,0,0,2,0,3,10,13,1,10
632,1,22,1,0,8,1,0,0,1,0,10,11,15,4,2,3,0,0,0,4,2,1,1,0,0,0,0,3,2,0,1,1,10,1,8
633,3,21,1,0,5,3,0,0,2,1,9,10,15,5,2,5,0,0,0,0,1,1,2,1,2,0,0,1,1,0,4,5,18,1,7
634,0,21,0,1,2,1,0,1,0,1,10,0,15,6,3,2,1,0,0,5,1,3,0,2,2,1,0,1,1,1,0,1,3,0,7
635,3,21,0,0,5,2,0,0,2,1,11,0,15,7,4,1,0,0,0,3,1,1,1,1,1,0,3,2,1,0,2,1,9,1,8
636,2,21,0,0,2,0,0,1,2,1,10,0,15,8,3,2,0,0,0,3,1,2,1,1,1,0,1,1,2,0,1,0,15,1,8
637,2,23,0,0,8,2,0,1,0,1,14,15,5,9,6,1,1,1,0,2,2,1,1,1,1,0,0,4,3,0,3,0,8,1,8
638,2,22,0,0,8,0,0,1,0,1,11,0,17,10,4,1,1,1,1,4,2,1,0,0,0,0,1,1,3,0,2,2,27,2,7
639,2,20,1,3,4,2,0,1,1,1,9,9,14,11,3,1,0,0,0,2,0,0,1,0,0,0,0,0,3,1,2,1,15,1,6
640,3,24,0,1,11,1,0,1,2,1,10,11,15,0,3,1,0,0,0,0,1,0,2,0,0,0,0,1,1,0,1,1,24,2,7
641,3,22,0,0,6,2,0,1,1,1,0,13,17,13,5,1,1,0,0,10,3,1,2,1,0,1,1,6,3,0,0,6,13,1,19
642,0,21,1,6,2,2,0,1,1,0,11,2,5,14,6,1,1,0,0,3,2,1,1,0,1,0,1,6,3,0,4,2,10,1,5
643,0,25,0,0,12,2,0,1,1,2,11,11,16,15,4,1,1,0,0,0,1,1,2,0,0,0,3,0,3,0,10,0,10,1,7
644,3,22,1,0,4,2,0,1,1,0,11,1,2,16,3,3,0,0,0,10,1,1,1,0,2,0,0,2,2,0,1,1,5,1,8
645,3,23,0,0,7,2,0,1,1,0,13,14,14,17,6,1,0,0,0,4,1,1,1,0,0,0,0,1,2,0,0,1,10,1,7
646,0,21,1,0,4,3,0,1,2,1,11,11,15,18,3,1,0,0,0,2,1,0,2,0,0,0,0,3,1,0,1,0,12,1,8
647,0,21,0,0,3,0,0,1,1,1,9,10,13,19,3,1,0,0,0,3,2,1,1,0,0,0,0,1,0,0,2,3,8,1,6
648,0,21,0,1,5,3,0,1,1,1,0,14,14,20,6,2,0,0,0,0,1,1,1,0,0,0,1,2,1,0,0,1,9,1,19
649,1,21,0,0,5,1,0,0,1,0,9,11,16,21,16,3,1,0,1,3,3,2,2,1,0,0,1,1,2,0,0,1,6,1,18
650,2,21,0,0,9,1,0,0,1,1,11,15,15,22,3,2,0,0,0,2,1,1,1,1,1,1,0,1,1,0,1,3,13,1,8
651,1,19,0,1,2,7,0,0,2,0,8,11,4,23,2,1,0,0,0,2,1,1,2,0,1,0,2,7,0,0,0,1,9,1,6
652,0,23,1,4,7,1,0,1,0,0,6,9,14,0,22,3,0,0,0,6,2,1,1,0,2,0,0,4,2,1,5,0,4,0,8
653,1,24,0,1,8,3,0,0,2,1,6,8,14,1,1,2,1,0,0,5,1,1,2,1,0,0,2,1,1,0,2,2,14,1,5
654,2,21,0,0,5,2,1,0,2,1,8,10,14,2,0,1,0,0,0,0,0,0,1,0,0,0,0,3,3,0,20,1,20,2,8
655,0,21,0,0,6,0,0,1,1,1,9,9,15,3,1,2,0,0,0,4,2,2,2,1,1,0,3,1,1,0,0.25,1,3,0,8
656,3,20,0,0,5,1,0,0,2,1,11,11,15,4,2,1,0,0,0,0,0,2,0,0,0,0,2,4,3,0,1,5,27,2,9
657,0,22,0,1,4,3,0,0,0,1,10,11,15,5,3,1,0,0,0,5,3,2,1,1,1,0,1,3,2,0,2,1,7,1,7
658,0,22,0,0,5,0,0,0,1,0,10,11,2,6,1,2,0,0,0,2,2,1,1,1,0,0,3,5,2,0,2,3,8,1,9
659,0,20,0,0,8,1,0,0,0,1,9,11,15,7,4,2,0,0,0,0,1,1,2,0,1,1,2,4,2,0,2,3,8,1,5
660,1,21,0,0,5,1,0,0,1,1,9,10,14,8,2,2,0,0,0,5,2,1,2,0,0,0,3,3,1,0,0,2,13,1,7
661,1,21,0,2,4,1,0,1,2,1,8,8,14,9,3,3,0,0,0,4,1,0,1,0,1,1,3,3,3,1,3,1,12,1,5
662,1,21,0,0,5,3,0,0,2,1,9,10,15,10,2,1,0,0,0,3,2,1,2,1,1,1,3,2,1,0,2,1,4,0,7
663,2,21,1,8,4,3,0,0,1,1,8,9,14,11,1,1,0,0,0,4,1,2,1,0,0,0,0,0,2,0,0,1,15,1,7
664,0,24,0,2,8,2,0,0,1,1,10,10,14,0,2,2,0,0,0,8,3,2,2,1,1,0,3,1,3,0,2,1,12,1,8
665,4,22,1,0,4,2,1,1,1,4,10,11,3,13,3,2,1,0,0,2,2,1,1,1,1,0,3,0,3,0,3,1,7,1,7
666,2,22,0,0,7,0,0,0,1,1,11,0,14,14,3,2,1,1,1,2,2,1,2,1,2,0,1,2,3,0,1,7,25,2,8
667,0,23,0,2,9,2,0,1,1,1,10,11,15,15,13,3,1,0,0,3,1,0,1,2,0,0,3,2,2,0,1,3,14,1,21
668,3,22,1,0,8,1,1,1,1,0,10,11,15,16,14,4,0,0,0,5,2,1,1,0,1,0,0,1,1,0,1,1,8,1,20
669,0,24,1,2,9,1,0,0,2,1,10,11,2,17,12,1,0,0,0,2,2,1,2,1,1,0,1,1,3,0,1,1,9,1,23
670,2,20,1,2,3,2,0,0,2,1,9,10,14,18,2,3,0,0,0,1,1,1,1,0,2,0,0,5,0,0,0,3,7,1,7
671,1,22,1,0,9,1,0,0,1,0,10,11,3,19,1,1,0,0,0,4,1,1,1,0,0,0,0,3,3,0,2,2,11,1,9
672,3,22,0,0,5,1,0,0,2,1,0,0,16,20,5,2,1,1,0,5,3,2,2,0,1,1,0,6,2,0,5,2,5,1,19
673,0,23,0,0,10,1,0,0,0,1,11,24,15,21,2,2,0,0,0,4,2,1,1,0,0,0,3,1,1,0,4,1,11,1,9
674,0,23,1,0,8,1,0,0,1,4,10,11,3,22,4,2,0,0,0,2,1,1,1,0,0,0,1,3,1,1,1,0,3,0,6
675,1,22,0,0,4,1,0,0,1,0,10,11,4,23,1,1,1,1,0,4,2,1,0,0,1,0,2,1,3,1,1,0,20,2,9
676,2,21,0,0,5,1,0,0,1,0,11,0,14,0,2,1,1,1,0,5,3,1,1,1,2,0,2,1,3,0,4,2,21,2,9
677,0,22,0,0,7,2,0,0,2,1,11,12,15,1,1,1,0,0,0,4,1,1,2,1,2,1,2,2,2,0,2,2,12,1,10
678,2,23,0,2,8,2,0,0,2,1,8,0,2,2,1,1,0,0,0,3,1,0,2,1,0,0,3,0,3,1,4,0,11,1,7
679,0,21,0,5,2,2,1,1,1,0,11,12,2,3,4,1,0,0,0,3,1,1,1,1,1,2,0,5,2,1,2,1,9,1,7
680,3,22,1,0,8,3,0,0,2,0,11,1,4,4,4,1,1,0,0,2,1,3,1,0,1,0,0,1,1,0,1,2,13,1,7
681,3,19,0,3,4,1,0,0,2,1,10,11,15,5,1,1,0,0,0,3,0,1,1,0,0,0,3,1,3,0,0,1,8,1,9
682,0,24,0,2,9,2,0,0,1,1,11,12,15,6,3,2,0,0,0,10,1,3,1,0,1,0,0,0,0,0,1,1,1,0,8
683,4,20,1,3,2,1,0,1,1,1,10,11,15,7,1,3,0,0,0,2,1,1,2,0,1,0,0,4,1,0,1,0,5,1,9
684,3,26,0,1,12,1,0,0,1,1,7,8,14,8,24,1,1,1,0,11,2,1,0,0,0,0,1,0,3,0,1,0,13,1,8
685,1,21,0,1,12,2,0,0,1,1,9,11,3,9,1,1,0,0,0,0,1,1,1,1,1,0,2,3,3,0,3,1,9,1,8
686,0,20,0,8,1,1,0,0,1,1,5,5,13,10,1,1,0,0,0,3,2,1,2,0,0,0,3,4,2,0,5,1,14,1,4
687,0,21,0,2,2,2,0,0,1,1,10,11,15,11,2,2,0,0,0,5,1,1,2,0,0,0,1,3,1,0,2,2,8,1,9
688,2,19,1,2,12,1,0,0,2,1,8,14,0,0,20,4,0,0,0,0,0,1,1,0,0,0,0,0,3,0,5,10,16,1,11
689,1,23,1,0,6,1,0,1,1,1,8,9,3,13,1,3,0,0,0,15,3,3,2,0,1,1,0,2,2,0,5,0,8,1,8
690,0,25,0,2,5,1,1,0,1,1,5,9,1,14,0,1,0,0,0,4,3,1,2,1,1,0,1,8,0,0,0,0,4,0,5
691,1,21,1,6,12,1,0,1,1,1,0,1,17,15,5,2,0,0,0,3,1,2,1,0,1,1,0,5,0,1,5,6,14,1,19
692,0,25,0,1,8,1,1,0,1,1,10,11,13,16,2,1,0,0,0,3,1,2,1,0,0,0,2,0,1,0,3,3,8,1,8
693,1,23,0,1,11,1,0,0,1,0,11,0,16,17,4,3,1,0,0,3,3,1,1,0,1,1,0,1,1,0,2,2,15,1,7
694,0,17,1,2,1,2,0,0,2,1,8,8,3,18,0,4,0,0,0,3,1,2,2,0,1,0,1,5,1,0,1,1,6,1,8
695,1,21,1,2,9,3,0,0,2,1,8,10,14,19,0,1,0,0,0,3,1,1,2,1,1,1,2,3,1,0,4,2,17,1,8
696,2,20,1,0,2,1,0,1,1,1,8,10,2,20,1,2,0,0,0,0,1,1,0,0,1,1,3,1,3,0,0,2,14,1,7
697,0,22,1,0,7,3,0,1,2,1,12,1,16,21,5,3,0,0,0,2,1,1,2,0,0,0,0,1,1,0,2,2,15,1,7
698,1,20,1,1,1,1,0,0,1,0,8,9,13,22,1,3,0,0,0,2,1,1,1,1,1,1,2,0,2,1,5,0,20,2,7
699,3,23,0,0,9,4,0,0,1,1,8,9,14,23,1,3,0,0,0,3,1,0,1,1,2,0,2,2,1,0,3,2,15,1,8
700,0,21,1,5,5,1,0,1,0,1,9,11,16,0,1,3,0,0,0,6,2,2,1,0,1,1,0,3,2,0,2,2,11,1,8
701,1,25,0,7,12,2,0,0,0,0,10,14,18,1,3,1,1,1,0,2,2,1,1,0,0,0,0,0,1,0,0,0,6,1,7
702,2,23,0,0,8,3,0,0,1,0,0,1,15,2,4,2,0,0,0,4,1,1,0,0,0,0,1,1,0,0,2,1,14,1,20
703,4,24,0,2,5,3,0,0,0,1,9,9,13,3,2,1,1,0,0,4,1,2,1,1,1,1,1,4,1,0,1,1,5,1,7
704,1,22,0,2,4,1,0,0,2,0,9,10,3,4,2,1,0,0,0,0,3,0,1,0,1,0,1,5,1,1,0,1,13,1,7
705,1,24,0,1,8,1,1,0,2,1,17,18,22,5,6,1,0,0,0,1,1,0,0,0,0,0,1,0,1,0,2,3,17,1,11
706,1,26,0,2,5,2,1,0,1,0,7,9,13,6,1,2,0,0,0,7,1,3,2,1,0,0,1,10,0,0,0,0,11,1,6
707,0,22,1,0,9,1,0,0,1,2,10,10,14,7,0,1,0,0,0,3,0,0,1,1,1,0,1,0,3,0,2,1,10,1,10
708,0,24,1,2,12,4,0,0,1,0,7,10,1,8,23,1,0,0,0,1,1,1,1,0,2,0,0,6,3,0,1,1,3,0,8
709,0,20,0,7,1,2,0,0,1,1,11,0,15,9,4,6,0,0,0,0,1,0,1,1,1,1,0,0,2,0,0,2,11,1,7
710,3,21,0,1,4,3,0,0,1,1,8,9,14,10,0,1,1,0,0,10,1,0,1,1,1,1,2,3,2,0,1,2,3,0,8
711,3,23,1,1,10,2,0,0,2,1,11,12,15,11,4,1,0,0,0,0,0,0,1,0,1,1,0,2,1,0,0,4,5,1,8
712,0,23,0,1,11,3,1,0,2,1,10,11,15,0,3,2,0,0,0,10,1,1,1,1,1,0,1,1,3,0,5,3,15,1,7
713,0,23,0,0,12,0,0,1,2,1,8,9,2,13,0,2,0,0,0,5,1,1,1,1,0,0,1,1,0,0,3,1,1,0,8
714,0,24,0,1,10,1,0,0,2,1,7,9,14,14,0,1,0,0,0,2,2,2,2,0,0,0,2,3,2,0,0,4,10,1,7
715,0,22,0,1,11,2,0,0,2,1,7,8,14,15,23,4,0,0,0,8,2,1,2,1,1,1,1,2,1,0,2,1,1,0,8
716,1,29,0,1,12,5,1,2,2,0,9,10,14,16,0,1,0,0,0,5,1,0,2,1,1,0,0,0,3,0,4,0,9,1,9
717,0,22,1,0,12,2,0,0,2,1,7,9,14,17,23,1,0,0,0,3,2,1,1,0,1,1,0,4,0,0,1,1,4,0,8
718,0,25,0,1,15,3,0,2,2,1,10,0,15,19,2,2,0,0,0,10,2,1,1,1,0,0,3,2,1,1,2,2,13,1,8
719,3,22,0,1,11,2,0,0,2,1,10,11,15,20,1,4,1,0,0,7,2,1,1,1,0,0,1,1,1,0,3,1,7,1,9
720,1,23,0,3,7,1,0,0,0,1,7,8,3,21,2,1,0,0,0,13,2,1,1,0,1,1,0,4,1,0,0.2,0,4,0,5
721,0,23,0,2,6,2,0,0,2,1,9,10,3,22,3,2,1,0,0,10,1,1,1,1,1,0,1,5,1,0,5,2,6,1,6
722,1,23,0,1,7,1,0,1,1,1,11,11,16,23,2,1,0,0,0,3,2,0,0,0,2,1,0,1,1,0,1,2,4,0,9
723,0,25,0,1,11,1,0,0,2,0,8,9,15,0,0,2,1,1,0,4,1,1,1,1,1,0,1,7,1,0,0,2,10,1,8
724,4,21,0,0,4,3,0,0,2,1,8,9,14,1,3,1,0,0,0,5,1,1,2,0,2,0,3,1,2,0,1,1,9,1,5
725,0,23,0,1,13,2,0,1,2,1,10,11,14,3,2,3,0,0,0,3,3,1,1,1,1,0,1,5,1,0,1,0,10,1,8
726,1,23,0,6,8,1,1,0,1,1,8,10,14,4,0,1,0,0,0,2,1,2,2,0,0,0,2,4,1,0,1,0,6,1,8
727,0,20,1,0,5,0,0,0,2,1,11,24,3,5,2,2,0,0,0,3,1,2,1,1,2,0,0,3,1,0,2,0,3,0,9
728,0,24,0,1,12,2,0,0,2,1,10,11,3,6,2,1,0,0,0,3,3,1,1,1,1,0,2,2,1,0,1,1,10,1,8
729,1,22,1,2,3,1,1,0,0,1,6,8,14,7,0,3,0,0,0,0,1,1,1,1,1,0,0,4,2,0,2,1,14,1,6
730,0,23,0,0,5,1,0,0,2,1,10,11,15,8,13,2,1,1,0,3,3,1,1,1,1,0,2,2,1,0,1,1,4,0,21
731,4,22,0,1,11,1,0,1,1,1,11,12,15,9,4,1,1,0,0,4,1,1,0,1,1,0,3,3,1,0,2,8,14,1,7
732,0,24,0,3,10,1,0,0,2,1,7,9,14,10,0,1,1,0,0,5,3,1,2,2,1,0,1,0,1,0,0,0,4,0,7
733,1,20,1,0,5,2,0,0,1,1,9,10,2,11,1,1,0,0,0,2,2,1,2,1,1,1,1,3,1,0,1,1,0,0,8
734,0,23,0,2,10,3,0,0,2,1,8,9,3,0,0,1,0,0,0,6,2,1,2,1,1,0,1,4,2,0,2,1,3,0,8
735,0,22,0,1,11,0,0,0,1,1,10,11,2,13,2,2,0,0,0,5,1,1,1,2,2,1,2,3,2,0,3,1,6,1,8
736,1,22,0,1,11,2,0,0,2,0,10,0,14,14,3,1,0,1,0,3,1,1,1,0,0,0,1,4,1,1,1,1,13,1,7
737,1,22,1,0,10,2,0,1,1,1,8,9,15,15,2,1,0,0,0,2,1,1,2,0,1,0,1,3,0,1,1,1,12,1,6
738,2,19,1,1,1,1,0,0,2,1,0,0,0,16,24,1,0,0,0,1,0,1,2,2,2,1,0,7,1,0,0,2,12,1,1
739,2,23,0,3,12,2,0,0,2,1,7,8,3,17,1,1,0,0,0,4,1,1,2,1,1,1,0,2,1,0,0,1,7,1,6
740,1,20,1,1,5,3,0,0,1,0,11,12,3,18,3,5,0,0,0,3,1,0,1,1,0,0,3,2,2,0,3,3,13,1,9
741,2,21,1,1,8,3,0,0,1,0,12,0,14,19,4,2,0,0,0,0,3,1,1,0,0,0,0,4,3,0,5,1,25,2,8
742,0,21,0,1,1,2,0,0,1,0,13,13,16,20,4,3,0,0,0,5,2,2,2,1,1,0,1,4,1,0,1,1,0,0,9
743,0,22,1,3,4,2,0,0,2,1,9,10,14,21,0,1,0,0,0,1,1,1,2,0,1,0,0,3,1,0,3,0,18,1,9
744,1,21,1,1,4,1,0,0,1,1,10,10,15,22,11,3,0,0,0,3,2,2,1,1,1,1,1,3,2,0,3,1,10,1,23
745,0,22,0,1,3,1,1,2,2,1,8,8,14,23,4,1,1,0,0,3,2,1,1,1,1,0,1,2,1,0,3,1,9,1,4
746,0,24,0,1,12,3,0,0,2,1,9,10,13,0,0,1,0,0,0,10,2,1,1,1,1,0,0,2,0,0,1,1,14,1,9
747,0,21,0,0,5,1,0,0,0,1,11,0,16,1,3,2,1,1,1,6,3,3,0,0,1,0,2,0,3,0,10,7,21,2,8
748,0,23,0,1,14,2,0,0,1,0,8,10,15,2,2,1,0,0,0,4,1,1,0,1,2,0,2,1,1,0,3,2,7,1,6
749,3,22,1,2,8,3,0,1,1,1,9,10,2,3,6,2,0,0,0,1,1,3,2,1,1,0,0,4,2,0,0,0,11,1,3
750,1,22,0,0,8,1,0,0,1,1,0,1,17,4,5,1,1,0,0,6,1,1,1,1,1,0,1,1,2,0,0,3,22,2,19
751,1,24,1,1,9,2,0,0,1,1,7,10,4,5,1,3,0,0,0,5,2,2,2,1,1,1,0,8,0,1,0,1,8,1,6
752,1,24,1,4,12,2,0,1,1,1,11,12,14,6,2,1,0,0,0,6,1,1,2,0,1,0,0,6,1,1,3,0,13,1,9
753,0,19,1,0,1,1,0,0,2,1,8,9,2,7,1,2,0,0,0,0,1,0,2,1,1,1,1,3,0,0,0,2,5,1,7
